id,page_name,fan_count,message,link,likes,comments,reactions,total
302383329480_10154975127229481,Digital Marketing Institute,50490,"Did you know that 57% of the purchase decision has been made before a customer even reaches out to a brand representative, and 67% of the buyerâ€™s journey is now done digitally?\n\nSocial selling has the potential to significantly reduce your sales cycle. Not only have the majority of your prospects already carried out a degree of pre-purchase research, your enhanced prospecting capabilities and customer relationships will provide you with a next-level of customer knowledge.",https://digitalmarketinginstitute.com/blog/2016-1-31-attract-engage-and-convert-your-customers-with-social-selling?utm_source=Facebook&utm_campaign=Facebook+Organic+Blog+Posts&utm_medium=Facebook+Organic+Blog+Posts,12,1,12,7813
302383329480_10154971801949481,Digital Marketing Institute,50490,How strong are your digital skills? Try our free Digital Diagnostic to identify the strengths and weaknesses in your digital skill set!,https://digitalmarketinginstitute.com/students/digital-diagnostic,16,0,16,7601
302383329480_10154960726864481,Digital Marketing Institute,50490,"Online learning is a strategic, attainable way to keep pace with your industry, and best position yourself as an asset to any organization.\n\nIf youâ€™re considering taking an online course but would like to know more, weâ€™ve outlined the high-level benefits of online learning and demonstrated how you can get the most out of your learning experience!",https://digitalmarketinginstitute.com/blog/2017-1-26-how-to-get-the-most-out-of-online-learning?utm_source=Facebook&utm_campaign=Facebook+Organic+Blog+Posts&utm_medium=Facebook+Organic+Blog+Posts,12,0,12,6250
302383329480_10154957434449481,Digital Marketing Institute,50490,"How to Use Data Analytics to Drive Better Business Insights!\n\nIt is no secret that data analytics can prove to be exponentially valuable for companies of all shapes and sizes. Recent research revealed that nearly 46% of marketers faced great difficulty trying to access compatible analytics and insights to give them an edge over the competition. \n\nSo, what can organizations do to use data analytics to achieve better insights that engage customers and drives sales?",https://digitalmarketinginstitute.com/the-insider/25-01-17-how-to-use-data-analytics-to-drive-better-business-insights?utm_content=bufferd9b58&utm_medium=social&utm_source=twitter.com&utm_campaign=buffer,14,1,14,406
302383329480_10154953005194481,Digital Marketing Institute,50490,"Considering embracing digital transformation, but want to know more about how it can directly impact your career? \n\nWe've outlined some of the key benefits of building a digital skillset in this blog!",https://digitalmarketinginstitute.com/blog/23-1-2017-the-benefits-of-building-a-digital-skillset-for-your-career?utm_campaign=B2C+Boosted+Facebook+Blog+Post&utm_medium=B2C+Boosted+Facebook+Blog+Post,15,0,15,365
302383329480_10154937309224481,Digital Marketing Institute,50490,"Whether youâ€™re just starting with social media marketing, or youâ€™re slightly more seasoned, our best practice guide will serve as a helpful reference point to make sure you get the most out of your efforts!",https://digitalmarketinginstitute.com/blog/2016-1-19-a-best-practice-guide-to-social-media-marketinghttps://digitalmarketinginstitute.com/blog/2016-1-19-a-best-practice-guide-to-social-media-marketing#utm_source=Facebook&utm_campaign=B2C%20Boosted%20Facebook%20Blog%20Post&utm_medium=B2C%20Boosted%20Facebook%20Blog%20Post,16,0,16,318
302383329480_10154931567694481,Digital Marketing Institute,50490,"With 68.5% of workers considering themselves â€˜not engagedâ€™ or â€˜actively disengagedâ€™ at work, the learning culture of an organization is more important than ever. \n \nAs companies across industries are keen to find and retain talent - particularly in growing areas such as digital technologies - employees now expect leaders and workplaces to be agile in an environment of intense digital disruption.\n\nThis blog explores 6 ways to ensure your company attracts and retains the talent they need to drive digital transformation.",https://digitalmarketinginstitute.com/the-insider/18-01-17-how-to-attract-and-retain-talent-in-an-age-of-digital-disruption?utm_source=Website&utm_medium=B2B+Blog+The+Insider,7,1,7,244
302383329480_10154929134454481,Digital Marketing Institute,50490,45% of a brandâ€™s image can be attributed to what it says and how it says it. This is why storytelling is an integral aspect of any successful brand marketing strategy.,https://digitalmarketinginstitute.com/blog/2016-1-17-how-to-use-storytelling-for-brand-marketing-success?utm_source=Facebook&utm_campaign=Facebook+Organic+Blog+Posts&utm_medium=Facebook+Organic+Blog+Posts,11,0,11,206
302383329480_10154913226139481,Digital Marketing Institute,50490,"Two-thirds of marketers canâ€™t measure ROI on mobile, while 52% of social media marketers cite accurately measuring ROI as their biggest source of frustration.\n\nThese statistics suggest that, although equipped with the technology, marketers may not have the requisite skills or knowledge to harness the power of analytics. \n\nWe've listed 5 answers to some of the most frequently asked questions about Google Analytics, one of the industryâ€™s most important tools for measurement.",https://digitalmarketinginstitute.com/blog/2016-01-11-5-answers-to-the-most-frequently-asked-questions-about-google-analytics?utm_source=Twitter&utm_campaign=Twitter+Organic+Blog+Posts&utm_medium=Twitter+Organic+Blog+Posts,22,3,22,161
302383329480_10154907104349481,Digital Marketing Institute,50490,"In the grand scheme of things, OTT is still in its infancy, but it's already known for its colossal audiences and strong customer retention. \n\nWill OTT change the landscape of digital marketing going forward? \nYes. But what will it mean for your brand?",https://digitalmarketinginstitute.com/the-insider/11-01-17-what-imapct-will-over-the-top-content-have-on-digital-marketing?utm_source=Facebook&utm_medium=B2B+Blog+The+Insider,11,2,11,118
368057986610970_1199682720115155,MarketingDigital.com.br,111374,"Profissionais do Marketing Digital de BrasÃ­lia e entorno. \nAcabamos de criar o Meetup da MarketingDigital.com.br. \nQueremos criar um grupo de troca de conhecimentos, por meio de encontros periÃ³dicos na nossa regiÃ£o. \nQuer aprender ou repassar seu conhecimento sobre qualquer estratÃ©gia de marketing digital? Ent!ao venha trocar ideias!\nCadastre-se em: http://meetu.ps/c/316Hm/yT0bh/f",http://meetu.ps/c/316Hm/yT0bh/f,181,3,181,108
368057986610970_1192871647462929,MarketingDigital.com.br,111374,"Amigos do Marketing Digital de BrasÃ­lia, vamos conversar na prÃ³xima terÃ§a dia 24/1/2017, Ã s 19h, no EspaÃ§o Multiplicidade na 702-703 Norte - Bloco G - Lojas 46/47?\nVou conduzir a TerÃ§a MÃºltipla do CafÃ© Multiplicidade. VocÃª leva a sua pergunta ou assunto de Marketing Digital, Empreendedorismo e partiremos daÃ­.\nA entrada Ã© grÃ¡tis, e aconselhamos reserva na pÃ¡gina abaixo, pois os lugares sÃ£o limitados. Se vocÃª puder levar 1 kg de alimento para uma instituiÃ§Ã£o que o Multiplicidade apoia ficaremos muito gratos...\nhttp://www.espacomultiplicidade.com.br/terca-multipla/mkt-digital/#\nO CafÃ© Multiplicidade estÃ¡ de portas abertas com bebidas quentes e geladas a base de cafÃ© alÃ©m de opÃ§Ãµes para um lanche gostoso e para uma pausa para conversas e networking.\nAtÃ© lÃ¡!",http://www.espacomultiplicidade.com.br/terca-multipla/mkt-digital/#,155,8,155,84
368057986610970_166819097138466,MarketingDigital.com.br,111374,,https://www.facebook.com/events/166819097138466/,3,1,3,75
368057986610970_1171127846303976,MarketingDigital.com.br,111374,"Meu caro(a),\nDesejo um Ã“timo Natal a vocÃª. \nSinta-se pessoalmente abraÃ§ado(a).\nQue Deus nos proteja e aos nossos, hoje e sempre.\nEm 2017, teremos muitas novidades na MarketingDigital, fique por  aÃ­...\nAbraÃ§o!",,20,5,20,75
368057986610970_1161960453887382,MarketingDigital.com.br,111374,,http://www.december.dica5.info/,19,7,19,68
368057986610970_1119395441477217,MarketingDigital.com.br,111374,Workshop trÃ¡fego & conversÃ£o com Tiago Tessmann,https://www.facebook.com/marketingdigital.com.br/photos/a.422462971170471.1073741825.368057986610970/1119395441477217/?type=3,37,10,37,68
368057986610970_1100177600065668,MarketingDigital.com.br,111374,"Prezados, a famiÃ­lia Tessmann me liberou um pacote limitado de ingressos com um super desconto (praticamente 1/3 do preÃ§o do Start) para o ELEVATION SUMMIT, agora em novembro, em Criciuma.\nAproveitem que o evento Ã© top, com muita gente boa, em um dos melhores ambientes de evento que conheÃ§o.\nEu e o Rafael (de livro novo) estaremos lÃ¡. NÃ£o perca!\nPÃ¡gina promocional http://elevationsummit.com.br/promocional/",http://elevationsummit.com.br/promocional/,192,19,195,62
368057986610970_1087010224715739,MarketingDigital.com.br,111374,"Amigos, dou apoio a uma ONG, a Amada Helena, que ajuda pessoas que vivenciaram a perda de um filho. Ã‰ o trabalho de uma mÃ£e que viveu isso e hoje trabalha para que outros pais nÃ£o passem pelo mesmo. Ã‰ um trabalho super bonito e difÃ­cil, que estÃ¡ crescendo.\nJÃ¡ fizemos um e-book que vem sendo muito bem aceito, e agora eles receberam um convite para produzir um livro, mas precisam se estruturar antes, e isso custa caro.\nAlguÃ©m tem experiÃªncia com crowdfunding em geral e, melhor ainda, para entidades sem fins lucrativos, que pudesse compartilhar?",,27,21,27,60
368057986610970_1064401070309988,MarketingDigital.com.br,111374,Corre!,https://www.facebook.com/rezponde/videos/1128888600481265/,40,28,40,58
368057986610970_1061711290578966,MarketingDigital.com.br,111374,"VocÃª me ajuda? Sobre o que vocÃª quer eu eu escreva na nova MarketingDigital.com.br?\n\nOlÃ¡, amigos, estou de volta, depois de uma fase complexa, que, espero, passou... \n\nFaÃ§o um convite. Em outubro relanÃ§arei o portal MarketingDigital.com.br, depois de praticamente 1 ano sem novidades por lÃ¡. E no novo portal elas serÃ£o muitas. Acompanhe.\n\nNessa nova fase do site, teremos no conteÃºdo ainda mais destaque. Assim, como estou produzindo novos conteÃºdos para o relanÃ§amento, pergunto: \n\nSobre o que vocÃª quer que eu fale (de qualquer assunto de marketing digital)? Nada melhor que dicas de profissionais como vocÃªs para eu me inspirar e produzir. VocÃª me ajuda? Responda nos comentÃ¡rios. Obrigado.\n\nhttps://www.facebook.com/marketingdigital.com.br/",http://marketingdigital.com.br/,90,26,90,56
1614090878831784_1856869721220564,Digital Marketing Education,1458,"Happy to Say That 5 #Mahabubnagar #Digitalmarketing Students ( Gautham , Naveen, Dattatreya, Dattu Bemaneni and Anil ) are Joining in US Company.I wish all of them a great Career.",https://www.facebook.com/dmembnr/photos/a.1615621628678709.1073741828.1614090878831784/1856869721220564/?type=3,7,1,7,54
1614090878831784_1855899794650890,Digital Marketing Education,1458,"#Mahabubnagar [Feb 4-5], 2 Days Work Shop on "" How to Earn Money From YouTube"" By Subhash Malgam.Enrollment Fee 2000.For More Info Call 9010-607708\n\nhttp://www.dialpalamuru.com/how-to-earn-money-from-youtube-videos/",http://www.dialpalamuru.com/how-to-earn-money-from-youtube-videos/,6,1,6,50
1614090878831784_1855705924670277,Digital Marketing Education,1458,"WorkShop on ""How To Earn Money From YouTube"" By Subhash Malgam.Feb 4-5.Venue- Digital Marketing Education Institute, Mahabubnagar. Enroll Fee is 2000 Only. For more info Visit http://www.dialpalamuru.com/how-to-earn-money-from-youtube-videos/ or call us on 9010-607708 or send your queries at msgdme@gmail.com",https://www.facebook.com/dmembnr/videos/1855703484670521/,5,1,5,49
1614090878831784_373344409689300,Digital Marketing Education,1458,,https://www.facebook.com/events/373344409689300/,2,0,2,47
1614090878831784_1854945964746273,Digital Marketing Education,1458,#Happy_Republic_Day,https://www.facebook.com/dmembnr/photos/a.1615621628678709.1073741828.1614090878831784/1854945964746273/?type=3,5,1,5,46
1614090878831784_1854562721451264,Digital Marketing Education,1458,3 #Mahabubnagar Digital Marketing Students Got Placed in Companies Today. 3 Students Websites are Approved By Google Adsense. First 3 Students get Monthly salary By companies and Next 3 Students get Online income By Google. Good days are Going for Mahabubnagar #DigitalMarketing Students.We are starting New Batch on 31st January. For More Info Call us on 9010-607708 or Visit Our website www.digitalmarketingeducation.in,https://www.facebook.com/dmembnr/photos/a.1615621628678709.1073741828.1614090878831784/1854562721451264/?type=3,8,3,8,45
1614090878831784_1852848604956009,Digital Marketing Education,1458,Congratulations #SainaNehwal on winning the 2017 Malaysia Masters Grand Prix GoldğŸ‘,https://www.facebook.com/dmembnr/photos/a.1615621628678709.1073741828.1614090878831784/1852848604956009/?type=3,2,1,2,45
1614090878831784_1849168011990735,Digital Marketing Education,1458,#Happy_Pongal,https://www.facebook.com/dmembnr/photos/a.1615621628678709.1073741828.1614090878831784/1849168011990735/?type=3,7,4,7,36
1614090878831784_1845160975724772,Digital Marketing Education,1458,"Seminar on Digital Marketing For MVS, NTR, Adarsh and Vasavi Degree College Students At MVS Seminar Hall. Croud is Really Energistic . Looking Forward For More Seminars in Mahabubnagar To Create Much Awareness.Thanks to Dr.Nagesh Sir For Giving the Opportunity.",https://www.facebook.com/dmembnr/photos/a.1615621628678709.1073741828.1614090878831784/1845160892391447/?type=3,16,1,16,36
1614090878831784_1845155882391948,Digital Marketing Education,1458,"Seminar on Digital Marketing For MVS, NTR, Adarsh and Vasavi Degree College Students At MVS Seminar Hall. Croud is Really Energistic . Looking Forward For More Seminars in Mahabubnagar To Create Much Awareness.Thanks to Dr.Nagesh Sir For Giving the Opportunity.",,8,0,8,35
1686590241577347_1883060538596982,Digital Marketing Services,4199,"#Facebook-Õ¨ ÖƒÕ¸Ö€Õ±Õ¡Ö€Õ¯Õ¸Ö‚Õ´ Õ§ Õ£Õ¸Õ¾Õ¡Õ¦Õ¤Õ« Õ¶Õ¸Ö€ Õ¿Õ¥Õ½Õ¡Õ¯, Õ¸Ö€Õ¨ Õ¯Õ°Õ¡ÕµÕ¿Õ¶Õ¾Õ« #Messenger Õ°Õ¡Õ¾Õ¥Õ¬Õ¾Õ¡Õ®Õ« Õ£Õ¬Õ­Õ¡Õ¾Õ¸Ö€ Õ§Õ»Õ¸Ö‚Õ´, Õ½Õ¡Õ¯Õ¡ÕµÕ¶ Õ¡ÕµÕ¶ Õ¹Õ« Õ°Õ¡ÕµÕ¿Õ¶Õ¾Õ« Õ±Õ¥Ö€ Õ­Õ¸Õ½Õ¡Õ¯ÖÕ¸Ö‚Õ©ÕµÕ¸Ö‚Õ¶Õ¶Õ¥Ö€Õ¸Ö‚Õ´Ö‰",https://www.facebook.com/dms.am/photos/a.1688071608095877.1073741828.1686590241577347/1883060538596982/?type=3,4,0,4,33
1686590241577347_1882534715316231,Digital Marketing Services,4199,"#Facebook-Õ¨ Õ©Õ¥Õ½Õ¿Õ¡Õ¾Õ¸Ö€Õ¸Ö‚Õ´ Õ§ #Reminders Õ£Õ¸Ö€Õ®Õ«Ö„Õ¨, Õ¸Ö€Õ« Õ´Õ«Õ»Õ¸ÖÕ¸Õ¾ Õ°Õ¶Õ¡Ö€Õ¡Õ¾Õ¸Ö€ Õ¯Õ¬Õ«Õ¶Õ« Õ¶Õ¡Õ­Õ¡ÕºÕ¥Õ½ Õ¯Õ¡Ö€Õ£Õ¡Õ¾Õ¸Ö€Õ¥Õ¬ Õ°Õ«Õ·Õ¥ÖÕ¸Ö‚Õ´Õ¶Õ¥Ö€Õ Õ¿Õ¸Õ¶Õ¥Ö€Õ«Õ¶ Õ¯Õ¡Õ´ Õ¡ÕµÕ¬ Õ°Õ¡Õ¿Õ¸Ö‚Õ¯ Ö…Ö€Õ¥Ö€Õ«Õ¶ Õ£Ö€Õ¡Õ¼Õ¸Ö‚Õ´Õ¶Õ¥Ö€ Õ¯Õ¡Õ¿Õ¡Ö€Õ¥Õ¬Õ¸Ö‚ Õ°Õ¡Õ´Õ¡Ö€Ö‰ #dms #SocialEXPERT",https://www.facebook.com/dms.am/photos/a.1688071608095877.1073741828.1686590241577347/1882534715316231/?type=3,6,0,6,33
1686590241577347_1881973788705657,Digital Marketing Services,4199,"#InstagramLive-Õ¨ Õ°Õ¡Õ½Õ¡Õ¶Õ¥Õ¬Õ« Õ¯Õ¬Õ«Õ¶Õ« Õ¢Õ¸Õ¬Õ¸Ö€Õ«Õ¶ Õ¡Ö€Õ¤Õ¥Õ¶ Õ¡ÕµÕ½ Õ·Õ¡Õ¢Õ¡Õ©Ö‰ Õ„Õ¥Õ¦ Õ´Õ¸Õ¿ Õ¡ÕµÕ¶ Õ¡Õ¯Õ¿Õ«Õ¾Õ¡ÖÕ¥Õ¬ Õ§, Õ«Õ½Õ¯ Ö„Õ¥ÕÕ¦ Õ´Õ¸Õ¿Ö‰ #dms #SocialEXPERT",http://buff.ly/2khxf13,5,0,5,32
1686590241577347_2162153697343713,Digital Marketing Services,4199,,https://www.facebook.com/events/2162153697343713/,7,0,7,32
1686590241577347_1881477332088636,Digital Marketing Services,4199,,https://www.facebook.com/dms.am/photos/a.1687500164819688.1073741827.1686590241577347/1881477332088636/?type=3,0,0,0,30
1686590241577347_1881391695430533,Digital Marketing Services,4199,"Õ„Õ¡Õ½Õ¶Õ¡Õ¯ÖÕ«Õ›Ö€ #SocialEXPERT Õ¤Õ¡Õ½Õ¨Õ¶Õ©Õ¡ÖÕ«Õ¶ Ö‡ Õ½Õ¿Õ¡ÖÕ«Ö€ Õ½Õ¸Ö. Õ´Õ¥Õ¤Õ«Õ¡ Õ´Õ¡Ö€Ö„Õ¥Õ©Õ«Õ¶Õ£Õ« ÕºÖ€Õ¡Õ¯Õ¿Õ«Õ¯ Õ£Õ«Õ¿Õ¥Õ¬Õ«Ö„Õ¶Õ¥Ö€Ö‰\nâœ”ï¸ Ô³Ö€Õ¡Õ¶ÖÕ¾Õ«Õ›Ö€ (dms.am/hy/socialexpert) Õ“Õ¥Õ¿Ö€Õ¾Õ¡Ö€Õ« 28-Õ«Õ¶, ÕªÕ¡Õ´Õ¨ 19Ö‰30-Õ«Õ¶, The LOFT-Õ¸Ö‚Õ´ Õ¯Õ¡ÕµÕ¡Õ¶Õ¡Õ¬Õ«Ö„ Õ¶Õ¡Õ­Õ¡Õ£Ö€Õ¡Õ¶ÖÕ´Õ¡Õ¶ #Õ¡Õ¶Õ¾Õ³Õ¡Ö€ ÕºÖ€Õ¥Õ¦Õ¥Õ¶Õ¿Õ¡ÖÕ«Õ¡ÕµÕ«Õ¶, Õ¸Ö€Õ¿Õ¥Õ² Õ¯Õ¶Õ¥Ö€Õ¯Õ¡ÕµÕ¡ÖÕ¶Õ¥Õ¶Ö„ Õ¤Õ¡Õ½Õ¨Õ¶Õ©Õ¡ÖÕ« Õ¾Õ¥Ö€Õ¡Õ¢Õ¥Ö€ÕµÕ¡Õ¬ Õ´Õ¡Õ¶Ö€Õ¡Õ´Õ¡Õ½Õ¶Õ¥Ö€ Ö‡ Õ¯Õ­Õ¸Õ½Õ¥Õ¶Ö„ 21-Ö€Õ¤ Õ¤Õ¡Ö€Õ« Õ©Õ¾Õ¡ÕµÕ«Õ¶ Õ´Õ¡Ö€Ö„Õ¥Õ©Õ«Õ¶Õ£Õ« Õ¸Ö‚Õ²Õ²Õ¾Õ¡Õ®Õ¸Ö‚Õ©ÕµÕ¡Õ¶ Õ´Õ¡Õ½Õ«Ö‰\nâœ”ï¸ ÕÕ¸Õ¾Õ¸Ö€Õ«Õ›Ö€ ÕºÕ¬Õ¡Õ¶Õ¡Õ¾Õ¸Ö€Õ¥Õ¬ Ö‡ Õ½Õ¿Õ¥Õ²Õ®Õ¥Õ¬ Õ½Õ¸Öâ€¤ Õ´Õ¥Õ¤Õ«Õ¡ Õ¼Õ¡Õ¦Õ´Õ¡Õ¾Õ¡Ö€Õ¸Ö‚Õ©ÕµÕ¸Ö‚Õ¶, Õ«Ö€Õ¡Õ¯Õ¡Õ¶Õ¡ÖÕ¶Õ¥Õ¬ Õ¡Ö€Õ·Õ¡Õ¾Õ¶Õ¥Ö€ Facebook, Instagram, LinkedIn, YouTube, Twitter Ö‡ Google+ Õ½Õ¸Öâ€¤ ÖÕ¡Õ¶ÖÕ¥Ö€Õ¸Ö‚Õ´Ö‰\nâœ”ï¸ #SocialEXPERT-Õ¨ Õ¡Õ¼Õ¡Õ»Õ«Õ¶ Õ¤Õ¡Õ½Õ¨Õ¶Õ©Õ¡ÖÕ¨ Õ´Õ¡Ö€Õ¿Õ« 2-Õ«Õ¶Ö‰",http://dms.am/hy/socialexpert,120,1,123,29
1686590241577347_1880817538821282,Digital Marketing Services,4199,"Õ‘Õ¡Õ¶Õ¯Õ¡Õ¶Õ¸Ö‚ÕÕ´ Õ¥Õ½ Õ¯Õ¡Õº Õ°Õ¡Õ½Õ¿Õ¡Õ¿Õ¥Õ¬ Õ½Õ¸Öâ€¤ Õ´Õ¥Õ¤Õ«Õ¡ Õ´Õ¡Ö€Ö„Õ¥Õ©Õ«Õ¶Õ£Õ« Õ¡Õ¼Õ¡Õ»Õ¡Õ¿Õ¡Ö€ Õ´Õ¡Õ½Õ¶Õ¡Õ£Õ¥Õ¿Õ¶Õ¥Ö€Õ« Õ°Õ¥Õ¿, Õ¡ÕµÕ¤ Õ©Õ¾Õ¸Ö‚Õ´Õ Guy Kawasaki, Jay Baer, Mari Smith Ö‡ Õ¡ÕµÕ¬Õ¶Ö‰ ÕˆÖ‚Ö€Õ¥Õ´Õ¶ Õ´Õ«Õ¡ÖÕ«Õ›Ö€ Social Media Marketing World Õ½Õ¸Öâ€¤ Õ´Õ¥Õ¤Õ«Õ¡ Õ´Õ¡Ö€Ö„Õ¥Õ©Õ«Õ¶Õ£Õ« Õ°Õ¡Õ´Õ¡Õ·Õ­Õ¡Ö€Õ°Õ¡ÕµÕ«Õ¶ Õ¡Õ´Õ¥Õ¶Õ¡Õ´Õ¥Õ® Õ¯Õ¸Õ¶Ö†Õ¥Ö€Õ¡Õ¶Õ½Õ«Õ¶Ö‰\nğŸ“ Ô³Ö€Õ¡Õ¶ÖÕ¾Õ«Õ›Ö€ (dms.am/hy/smmw2017) Õ´Õ«Õ¶Õ¹Ö‡ Õ°Õ¸Ö‚Õ¶Õ¾Õ¡Ö€Õ« 27-Õ¨ Ö‡ Õ­Õ¶Õ¡ÕµÕ«Õ›Ö€ 171,150 Õ€Õ€ Õ¤Ö€Õ¡Õ´ Õ¯Õ¸Õ¶Ö†Õ¥Ö€Õ¡Õ¶Õ½Õ« Õ¾Õ«Ö€Õ¿Õ¸Ö‚Õ¡Õ¬ Õ¿Õ¸Õ´Õ½Õ« Õ´Õ¡Õ½Õ¶Õ¡Õ¯ÖÕ¸Ö‚Õ©ÕµÕ¡Õ¶ Õ°Õ¡Õ´Õ¡Ö€Ö‰",http://www.dms.am/hy/smmw2017/,18,0,18,28
1686590241577347_1878842709018765,Digital Marketing Services,4199,"#Facebook-Õ¨ Õ°Õ¶Õ¡Ö€Õ¡Õ¾Õ¸Ö€ Õ§ Õ¡ÕµÕ¬Ö‡Õ½ Õ¹Õ« Õ¾Õ³Õ¡Ö€Õ« Õ¡Õ½Õ¿Õ²Õ¥Ö€Õ«Õ¶ Õ¸Ö‚Õ²Õ«Õ² Õ¥Õ©Õ¥Ö€Õ¶Õ¥Ö€Õ« Õ°Õ¡Õ´Õ¡Ö€Ö‰ Ô»ÕÕ¶Õ¹ Õ¥Ö„ Õ¯Õ¡Ö€Õ®Õ¸Ö‚Õ´, Õ¸Ö€Õ¶ Õ§ ÕºÕ¡Õ¿Õ³Õ¡Õ¼Õ¨â€¤\n1â€¤ #FacebookLive-Õ¨ Õ¹Õ« Õ¡Ö€Õ¤Õ¡Ö€Õ¡ÖÕ¶Õ¸Ö‚Õ´ Õ¨Õ¶Õ¯Õ¥Ö€Õ¸Ö‚Õ©ÕµÕ¡Õ¶ Õ½ÕºÕ¡Õ½Õ¥Õ¬Õ«Ö„Õ¶Õ¥Ö€Õ¨Ö‰\n2â€¤ ÕˆÖ‚Õ²Õ«Õ² Õ¥Õ©Õ¥Ö€Õ¶Õ¥Ö€Õ« Õ´Õ¥Õ¯Õ¶Õ¡Ö€Õ¯Õ¶ Õ¡ÕµÕ¶Ö„Õ¡Õ¶ Õ°Õ¡Õ»Õ¸Õ² Õ§Ö€, Õ¸Ö€ Õ¨Õ¶Õ¯Õ¥Ö€Õ¸Ö‚Õ©ÕµÕ¸Ö‚Õ¶Õ¶ Õ¡ÕµÕ¬Ö‡Õ½ Õ¯Õ¡Ö€Õ«Ö„ Õ¹Õ¸Ö‚Õ¶Õ« Õ¶Õ´Õ¡Õ¶ Õ®Õ¡Õ­Õ½Õ¡Õ¿Õ¡Ö€ Õ¡Õ»Õ¡Õ¯ÖÕ¸Ö‚Õ©ÕµÕ¡Õ¶Ö‰",https://www.facebook.com/dms.am/photos/a.1688071608095877.1073741828.1686590241577347/1878842709018765/?type=3,5,0,5,26
1686590241577347_1878317069071329,Digital Marketing Services,4199,"1 Ö€Õ¸ÕºÕ¥Õ¸Ö‚Õ´ Facebook-ÕµÕ¡Õ¶ Ö…Õ£Õ¿Õ¡Õ¿Õ¥Ö€Õ¥Ö€Õ¨ #Messenger-Õ« Õ´Õ«Õ»Õ¸ÖÕ¸Õ¾ Õ¯Õ«Õ½Õ¾Õ¸Ö‚Õ´ Õ¥Õ¶ 216,302 Õ¶Õ¯Õ¡Ö€Õ¶Õ¥Ö€Õ¸Õ¾Ö‰\n#Ô»Õ¶Õ¿Õ¥Ö€Õ¶Õ¥Õ¿Õ¨1Ö€Õ¸ÕºÕ¥Õ¸Ö‚Õ´ âŒšï¸",https://www.facebook.com/dms.am/photos/a.1688071608095877.1073741828.1686590241577347/1878317069071329/?type=3,7,1,8,25
1686590241577347_1877893032447066,Digital Marketing Services,4199,Õ„Õ¥Ö€ Õ£Ö€Õ¡Õ½Õ¥Õ¶ÕµÕ¡Õ¯Õ¸Ö‚Õ´ Â«Õ¶Õ¸Ö€Â» ÕºÕ¡Õ¿ Õ¸Ö‚Õ¶Õ¥Õ¶Ö„Ö‰ Ô±ÕµÕ½ ÕºÕ¡Õ¿Õ« Õ°Õ¥Õ¿ Õ´Õ¥Õ® ÕºÕ¬Õ¡Õ¶Õ¶Õ¥Ö€ Õ¸Ö‚Õ¶Õ¥Õ¶Ö„Ö‰ ÕÕºÕ¡Õ½Õ¥Ö„ Õ¶Õ¸Ö€Õ¸Ö‚Õ©ÕµÕ¸Ö‚Õ¶Õ¶Õ¥Ö€Õ«â€¦,https://www.facebook.com/dms.am/photos/a.1688071608095877.1073741828.1686590241577347/1877893032447066/?type=3,14,0,14,24
799349736839232_1190920737682128,Latam Digital Marketing,4362,"La publicidad comparativa ha sido un recurso de marketing por muchos aÃ±os, y Smart sabe aplicarla con un mensaje bien directo. #OutOfTheBox",https://www.facebook.com/Latamdigitalmarketing/photos/a.869179479856257.1073741829.799349736839232/1190920021015533/?type=3,1,0,1,24
799349736839232_1189846184456250,Latam Digital Marketing,4362,McDonald's siempre logra sorprendernos con ads pensados #OutOfTheBox.,https://www.facebook.com/Latamdigitalmarketing/photos/a.803592986414907.1073741828.799349736839232/1189846184456250/?type=3,2,0,3,23
799349736839232_1187495614691307,Latam Digital Marketing,4362,"Durante aÃ±os, Decathlon ha ayudado a los entusiastas de los deportes a satisfacer sus necesidades de seguridad. Este aÃ±o la marca nos ha dado de quÃ© hablar con una nueva campaÃ±a televisiva que nos recuerda un poco a Mad Max. Â¿QuÃ© opinan de este Ad #OutOfTheBox?",https://www.facebook.com/Latamdigitalmarketing/videos/1187495614691307/,1,0,1,22
799349736839232_1186912208082981,Latam Digital Marketing,4362,Una gran idea puede transformar lo cotidiano en algo #OutOfTheBox,https://www.facebook.com/Latamdigitalmarketing/photos/a.803592986414907.1073741828.799349736839232/1186912208082981/?type=3,2,0,2,22
799349736839232_1185281678246034,Latam Digital Marketing,4362,Â¿CuÃ¡ntos estarÃ¡n pensando en unas vacaciones mientras estÃ¡n en la oficina? Eso mismo se preguntan los creativos de este ad para la agencia de viajes Kielo Travel. #OutOfTheBox,https://www.facebook.com/Latamdigitalmarketing/photos/a.869179479856257.1073741829.799349736839232/1185280698246132/?type=3,2,0,2,21
799349736839232_1182076088566593,Latam Digital Marketing,4362,"Moms Demand Action, un colectivo de madres que pide la reforma de la ley de armas es Estados Unidos, estÃ¡ detrÃ¡s de esta campaÃ±a publicitaria #OutOfThebox, que se centrÃ³ en los niÃ±os en las escuelas.\n'Choose One' presenta a un niÃ±o estÃ¡ sosteniendo algo que ha sido prohibido en EEUU para protegerlos,  y otro niÃ±o sosteniendo un arma permitida.",https://www.facebook.com/Latamdigitalmarketing/photos/a.803592986414907.1073741828.799349736839232/1182076088566593/?type=3,0,0,0,20
799349736839232_1179592172148318,Latam Digital Marketing,4362,"En este anuncio de la marca de alimento para perros Pedigree, todo es cuestiÃ³n de crear un mensaje #OutOfTheBox, impactante y que resulte altamente emocional.",https://www.facebook.com/Latamdigitalmarketing/photos/a.803592986414907.1073741828.799349736839232/1179592172148318/?type=3,0,0,0,20
799349736839232_1178656202241915,Latam Digital Marketing,4362,"Estas imÃ¡genes de un Oso Teddy sentado delante de una mÃ¡quina de coser y de un Teletubby lustrando zapatos, logran causar una impresiÃ³n memorable y nos muestran de manera #OutOfTheBox que la infancia termina cuando comienza el trabajo. Â¡No al trabajo infantil!",https://www.facebook.com/Latamdigitalmarketing/photos/a.803592986414907.1073741828.799349736839232/1178654508908751/?type=3,1,0,1,19
799349736839232_1178247052282830,Latam Digital Marketing,4362,Muchos de nosotros habrÃ­amos pasado por alto la medida en que un simple pedazo de papel y un marcador puede ayudar a cambiar las ideas del juego. Sharpie nos lo muestra de manera #OutOfTheBox,https://www.facebook.com/Latamdigitalmarketing/photos/a.803592986414907.1073741828.799349736839232/1178246955616173/?type=3,1,0,1,18
799349736839232_1177017302405805,Latam Digital Marketing,4362,"Esta cuenta de Instagram estÃ¡ dirigida por un fotÃ³grafo de Nueva Jersey llamado George Steinmetz. Mientras que la fotografÃ­a general de Steinmetz abarca todo tipo de temas, creÃ³ @newyorkairbook en Instagram especÃ­ficamente para publicar sus fotografÃ­as aÃ©reas de New York. Una cuenta donde podrÃ¡s ver la Ciudad que Nunca duerme desde una perspectiva #OutOfTheBox",https://www.facebook.com/Latamdigitalmarketing/photos/a.803592986414907.1073741828.799349736839232/1177017302405805/?type=3,0,0,0,18
165099720213313_1315044641885476,Digital Marketing World Forum - #DMWF,6849,,https://www.facebook.com/DigiMarketingWF/photos/a.165100160213269.37166.165099720213313/1315044641885476/?type=3,0,0,0,16
165099720213313_1315042325219041,Digital Marketing World Forum - #DMWF,6849,,https://www.facebook.com/DigiMarketingWF/photos/a.337290742994209.78445.165099720213313/1315042325219041/?type=3,1,0,1,16
165099720213313_1315029715220302,Digital Marketing World Forum - #DMWF,6849,"We're thrilled to announce the 2017 #DMWF Expo series in Amsterdam, London & New York! Plus a huge welcome to our Platinum Series Sponsor; Lithium Technologies.\n\nhttp://www.digitalmarketing-conference.com/announcing-2017-dmwf-expo-event-series-lithium-platinum-sponsor/",http://www.digitalmarketing-conference.com/announcing-2017-dmwf-expo-event-series-lithium-platinum-sponsor/,1,0,1,16
165099720213313_1292294294160511,Digital Marketing World Forum - #DMWF,6849,Leading Digital Disruption - Highlights from #DMWF Middle East\n\nhttp://www.digitalmarketing-conference.com/leading-digital-disruption-highlights-dmwf-middle-east/,http://www.digitalmarketing-conference.com/leading-digital-disruption-highlights-dmwf-middle-east/,1,0,1,15
165099720213313_1289008731155734,Digital Marketing World Forum - #DMWF,6849,"How to write a better blogpost without losing your mind. Guest post by our friends at Yoast! \n\nhttp://www.digitalmarketing-conference.com/write-better-blogpost-without-losing-mind/\n\nDon't forget, Joost de Valk will be joining us at #DMWF Expo Europe on 3-4 April in Amsterdam.",http://www.digitalmarketing-conference.com/write-better-blogpost-without-losing-mind/,2,0,2,15
165099720213313_1257755847614356,Digital Marketing World Forum - #DMWF,6849,A packed room this morning at #DMWF Middle East!,https://www.facebook.com/DigiMarketingWF/photos/a.333552513368032.77576.165099720213313/1257755847614356/?type=3,8,0,8,14
165099720213313_1257749357615005,Digital Marketing World Forum - #DMWF,6849,Good morning Dubai! #DMWF Middle East is go!,https://www.facebook.com/DigiMarketingWF/photos/a.333552513368032.77576.165099720213313/1257749357615005/?type=3,7,0,7,14
165099720213313_1253190631404211,Digital Marketing World Forum - #DMWF,6849,When fame is no longer enough: Brand ambassadors in the age of crowd culture\n\nhttp://www.digitalmarketing-conference.com/fame-no-longer-enough-brand-ambassadors-age-crowd-culture/,http://www.digitalmarketing-conference.com/fame-no-longer-enough-brand-ambassadors-age-crowd-culture/,0,0,0,13
165099720213313_1249124998477441,Digital Marketing World Forum - #DMWF,6849,6 ways Virtual Reality will Revolutionise Digital Marketing for Startups...\n\nhttp://www.digitalmarketing-conference.com/6-ways-virtual-reality-will-revolutionise-digital-marketing-startups/,http://www.digitalmarketing-conference.com/6-ways-virtual-reality-will-revolutionise-digital-marketing-startups/,5,1,5,13
165099720213313_1233785833344691,Digital Marketing World Forum - #DMWF,6849,Einstein: Salesforce's theory of AI with everything.\n\nhttp://www.digitalmarketing-conference.com/einstein-salesforces-theory-ai-everything/,http://www.digitalmarketing-conference.com/einstein-salesforces-theory-ai-everything/,4,0,4,13
237311702963002_1602229003137925,Marketing digital,24135,El uso de las redes sociales y su rÃ¡pido crecimiento nos dieron acceso a una cantidad de informaciÃ³n impresionante.,http://www.marketingcapacitacion.com/index.php/noticias-marketing-digital/redes-sociales/910-gestion-de-crisis-y-reputacion-online,3,0,3,12
237311702963002_1602180346476124,Marketing digital,24135,,https://www.facebook.com/marketingcapacitacion/photos/a.386676968026474.104279.237311702963002/1602180346476124/?type=3,2,0,2,11
237311702963002_1594283853932440,Marketing digital,24135,"Hace cuatro meses Verizon, una de las mÃ¡s grandes empresas de telefonÃ­a celular de Estados Unidos, comprÃ³ a Yahoo por la â€œmÃ³dicaâ€ cantidad de 4 830 millones de dÃ³lares.",http://www.marketingcapacitacion.com/index.php/noticias-marketing-digital/content-marketing/885-verizon-adquiere-a-yahoo,4,0,4,11
237311702963002_1594276527266506,Marketing digital,24135,"Para hablar de alcance e interacciÃ³n, utilizarÃ© esta pequeÃ±a historia.",http://www.marketingcapacitacion.com/index.php/noticias-marketing-digital/content-marketing/882-un-caso-de-alcance-e-interaccion-o-la-historia-de-pedro-y-juan,2,0,3,11
237311702963002_1594270513933774,Marketing digital,24135,"Google ha creado una extensiÃ³n mÃ¡s de su red social Google+, esta vez dirigida a creadores de contenido visual, bajo la premisa de que suban con cierta periodicidad contenidos de valor.",http://www.marketingcapacitacion.com/index.php/noticias-marketing-digital/noticias-google/881-google-create,5,0,5,10
237311702963002_1594259893934836,Marketing digital,24135,"Hay muchas empresas y marcas que pasan por un bache econÃ³mico. Algunas lo superan, otras llegan al borde de la extinciÃ³n y las mÃ¡s desafortunadas se extinguen definitivamente.",http://www.marketingcapacitacion.com/index.php/noticias-marketing-digital/content-marketing/880-nintendo-y-sus-logros-en-2016,1,0,1,10
237311702963002_1594256170601875,Marketing digital,24135,"""Ser community manager es comprender el alma de la instituciÃ³n, empresa o personaje con el que trabajas y construir a partir de ello comunicaciÃ³n. Es la evoluciÃ³n del perfil del comunicÃ³logo.""",http://www.marketingcapacitacion.com/index.php/noticias-marketing-digital/redes-sociales/76-community-manager/879-community-manager-es-la-evolucion-del-perfil-del-comunicologo-carlos-ernesto-arteaga-turcotte,3,0,3,10
237311702963002_1594233867270772,Marketing digital,24135,"Si antes era una especulaciÃ³n, hoy el transporte que pasa por encima del trÃ¡fico es una realidad, al menos en China.",http://www.marketingcapacitacion.com/index.php/noticias-marketing-digital/content-marketing/878-el-transporte-moderno-en-china-autobus-elevado,1,0,2,10
237311702963002_1597082186985940,Marketing digital,24135,Una encuesta realizada por el sitio de e-commerce Linio mostrÃ³ que los productos mÃ¡s vendidos en el portal.\n#EntÃ©rate,http://www.elfinanciero.com.mx/tech/como-y-que-compraron-en-internet-los-mexicanos-en-2016.html,1,0,1,8
237311702963002_1594228270604665,Marketing digital,24135,"Vine, la aplicaciÃ³n mÃ³vil que permitÃ­a grabar videos y realizar animaciones de 6 segundos, anunciÃ³ que dejarÃ¡ de existir el aÃ±o que entra.",http://www.marketingcapacitacion.com/index.php/noticias-marketing-digital/redes-sociales/877-por-que-se-despide-vine,0,0,0,8
1020125601344230_1328058713884249,Digital Marketing Ø¨Ø§Ù„Ø¹Ø±Ø¨ÙŠ,26636,3  Ø£Ø®Ø·Ø§Ø¡ Ø´Ø§Ø¦Ø¹Ø© ÙŠØ¬Ø¨ Ø¹Ù„ÙŠÙƒ ØªØ¬Ù†Ø¨Ù‡Ø§ ÙÙŠ ÙƒØªØ§Ø¨Ø© #Ø§Ù„Ù…Ø­ØªÙˆÙ‰ ÙÙŠ 2017\n\nØªØ³ÙˆÙŠÙ‚ #Ø§Ù„Ù…Ø­ØªÙˆÙ‰ ÙÙŠ Ø§Ù„ÙØªØ±Ø© Ø§Ù„Ù…Ø§Ø¶ÙŠØ© Ø´Ø§Ù‡Ø¯ Ø§Ù„ÙƒØ«ÙŠØ± Ù…Ù† Ø§Ù„ØªØºÙŠØ±Ø§Øª ÙˆØ¨Ø³Ø¨Ø¨ Ø¸Ù‡ÙˆØ± Ø§Ù„ØªÙƒÙ†ÙˆÙ„ÙˆØ¬ÙŠØ§ ÙˆØ®Ø§ØµØ§Ù‹ Ù…ÙˆØ§Ù‚Ø¹ #Ø§Ù„ØªÙˆØ§ØµÙ„_Ø§Ù„Ø§Ø¬ØªÙ…Ø§Ø¹ÙŠ Ø¹Ù…Ù„ Ø¹Ù„Ù‰ ØªØ·ÙˆÙŠØ± #Ø§Ù„Ù…Ø­ØªÙˆÙ‰_Ø§Ù„ØªØ³ÙˆÙŠÙ‚ÙŠ  ÙˆÙ…Ù† Ù‡Ù†Ø§ ÙˆØ¬Ø¯Øª Ø§Ù„Ø£Ø®Ø·Ø§Ø¡ Ø§Ù„ØªÙŠ ÙŠØ¬Ø¨ Ø¹Ù„ÙŠÙ†Ø§ ØªØ¬Ù†Ø¨Ù‡Ø§ ÙˆÙÙŠ Ù‡Ø°Ù‡ Ø§Ù„Ù…Ù‚Ø§Ù„Ø© Ø³ÙˆÙ Ù†ØªØ­Ø¯Ø« Ø¹Ù† 3 Ø£Ø®Ø·Ø§Ø¡ :\n\nâ— Ø§Ù„Ø®Ø·Ø£ Ø§Ù„Ø£ÙˆÙ„ : ÙŠØ¬Ø¨ Ø¹Ù„ÙŠÙƒ Ø§Ù„Ø­ÙØ§Ø¸ Ø¨Ø§Ù„Ø¨Ù„ÙˆØ¬ ÙˆØªØ·ÙˆÙŠØ±Ù‡Ø§:\nÙ‡Ù†Ø§Ùƒ Ø§Ù„ÙƒØ«ÙŠØ± Ù…Ù† Ø§Ù„Ø¨Ù„ÙˆØ¬ Ø¨Ø¯Ø£Øª ÙˆÙ†ÙØ´Ø£Øª ÙˆØªÙ… ÙˆØ¶Ø¹Ù‡Ø§ ÙÙŠ Ù‚Ø§Ø¦Ù…Ø© ÙˆÙ„ÙƒÙ† Ù„Ø§ Ø£Ø­Ø¯ Ù‚Ø§Ù… Ø¨Ø§Ù„Ø±Ø¬ÙˆØ¹ Ø¥Ù„ÙŠÙ‡Ø§  ÙˆÙ„ÙƒÙ† ÙÙŠ Ø¹Ø§Ù… 2017 Ù…Ø¹  Ø¸Ù‡ÙˆØ± Ø§Ù„Ù…ÙˆØ§Ù‚Ø¹ Ø¨Ø´ÙƒÙ„ Ø¬ÙŠØ¯ Ù„Ø¹Ø±Ø¶ Ø®Ø¯Ù…Ø§ØªÙƒ ÙˆØªØ±ÙˆÙŠØ¬ Ø§Ù„Ø¹Ù„Ø§Ù…Ø© Ø§Ù„ØªØ¬Ø§Ø±ÙŠØ© Ø§Ù„Ø®Ø§ØµØ© Ø¨Ùƒ Ø£ØµØ¨Ø­ Ù„Ø§ ÙŠÙˆØ¬Ø¯ Ø¨Ù„ÙˆØ¬ ÙˆÙ‡Ø°Ø§ ÙŠØ¹Ù†ÙŠ Ø£Ù†Ùƒ ÙÙ‚Ø¯ ÙˆØ¬ÙˆØ¯Ùƒ Inbound ÙˆÙØ±Øµ ÙƒØ¨ÙŠØ±Ø© ÙÙŠ Ø§Ù„ØªÙØ§Ø¹Ù„ Ø§Ù„ÙƒØ¨ÙŠØ± Ø¹Ù„Ù‰ Ø§Ù„Ø¨Ù„ÙˆØ¬ Ø§Ù„Ø®Ø§ØµØ© Ø¨Ùƒ  ÙˆÙÙ‚Ø¯Ø§Ù† Ø§Ù„Ø§Ù‡ØªÙ…Ø§Ù… Ø¨Ùƒ Ù„Ù„Ù‚Ø§Ø±Ø¦ÙŠÙ† .\nØ¥Ù†Ø´Ø§Ø¡ Ù…Ø­ØªÙˆÙ‰ ØªØ³ÙˆÙŠÙ‚ÙŠ Ø¨Ø¥Ø³ØªØ®Ø¯Ø§Ù… Ø¨Ù„ÙˆØ¬ ÙŠØ¹ÙˆØ¯ Ø¹Ù„ÙŠÙƒ Ø¨Ø§Ù„Ø¹Ø¯ÙŠØ¯ Ù…Ù† Ø§Ù„Ù…Ù…ÙŠØ²Ø§Øª  ÙˆØªØ¶Ù…Ù†Ù‡Ù… Ø²ÙŠØ§Ø¯Ø© ÙÙŠ Ø­Ø±ÙƒØ© Ø§Ù„Ù…Ø±ÙˆØ± Ø£ÙŠ Ø§Ù„ØªÙØ§Ø¹Ù„  ÙˆØ§Ù„Ø§ØªØµØ§Ù„ Ø¨ÙˆØ³Ø§Ø¦Ù„ Ø§Ù„ØªÙˆØ§ØµÙ„ Ø§Ù„Ø§Ø¬ØªÙ…Ø§Ø¹ÙŠ ÙˆØ³ÙˆÙ ØªØ¹Ø±Ø¶ Ù†ØªØ§Ø¦Ø¬Ùƒ ÙÙŠ Ø§Ù„Ø¨Ø­Ø«  Ù„Ø°Ù„Ùƒ Ø¥Ø°Ø§ Ù„Ù… ØªÙ‚ÙˆÙ… Ø¨Ø¹Ù…Ù„ Ø¨Ù„ÙˆØ¬ ÙØ¨Ø°Ù„Ùƒ Ø£Ù†Øª ÙÙ‚Ø¯Øª Ø§Ù„ÙƒØ«ÙŠØ± Ù…Ù† Ø§Ù„ØªÙØ§Ø¹Ù„ Ø§Ù„ØªÙŠ ÙŠØ­ÙˆÙ„ Ø¹Ù…Ù„Ø§Ø¦Ùƒ Ø¥Ù„ÙŠ Ø§Ø­ØªÙŠØ§Ø¬ Ù„ÙŠØ¨Ø¯Ø£ Ø¨Ø¯Ø§Ø®Ù„Ù‡Ù… Ø¯Ø§ÙØ¹  Ù„Ù„Ø´Ø±Ø§Ø¡ Ø¨Ø®Ø¯Ù…ØªÙƒ Ø£Ùˆ Ù…Ù†ØªØ¬Ùƒ ÙˆØ®ØµÙˆØµØ§Ù‹ Ø¹Ù†Ø¯ Ø¥Ø¶Ø§ÙØ© Ø³Ø¤Ø§Ù„  Ù„Ù„ØªÙØ§Ø¹Ù„ ÙÙŠ Ù†Ù‡Ø§ÙŠØ© Ø§Ù„Ø¨ÙˆØ³Øª  Ø£Ù…Ø§ Ø¥Ø°Ø§ ÙƒÙ†Øª Ù„Ùƒ Ù…Ø¯ÙˆÙ†Ø© ÙˆÙ„ÙƒÙ† Ù„Ù… ØªÙƒÙ† Ù…Ø­ØªÙˆÙ‡Ø§ Ù‚ÙŠÙ… ÙÙ„Ø§Ø¨Ø¯ Ù…Ù†  Ø¥Ø¹Ø·Ø§Ø¡ ÙˆÙ‚Øª Ù„Ù‡Ø§ ÙˆØªØ­Ù‚ÙŠÙ‚ ÙƒÙ„ Ù‡Ø°Ø§ .\n60 % Ù…Ù† Ø§Ù„Ù…Ø³ÙˆÙ‚ÙŠÙ† ÙŠØ¨Ø°Ù„ÙˆØ§ Ù…Ø¬Ù‡ÙˆØ¯ ÙÙŠ Ø¹Ù…Ù„ Ø¨Ù„ÙˆØ¬ Ù‡Ø°Ø§ Ø§Ù„Ø¹Ø§Ù… ÙˆÙ„ÙƒÙ† Ù…Ø§ ÙŠÙ‚Ø±Ø¨ Ù…Ù† Ø«Ù„Ø« Ø§Ù„Ù…ÙØ³ØªÙ‡Ù„ÙƒÙŠÙ† ÙŠÙ‚ÙˆÙ„ÙˆØ§ Ø£Ù†Ù‡Ù… ÙŠØ±ÙŠØ¯ÙˆÙ† Ø£Ù† ÙŠØ±ÙˆØ§ Ù…Ø­ØªÙˆÙ‰ Ø§Ù„Ø¨Ù„ÙˆØ¬ ÙÙŠ Ø§Ù„Ù…Ø³ØªÙ‚Ø¨Ù„ ÙÙŠ Ù…ÙˆÙ‚Ø¹ HubSpot .\nØ§Ù„Ø®Ø·Ø£ Ø§Ù„Ø«Ø§Ù†ÙŠ : ØªØ¬Ø§Ù‡Ù„ ÙØ±ØµØ© Ø§Ù„ØªØ³ÙˆÙŠÙ‚ Ù…Ù† Ø®Ù„Ø§Ù„ Ø§Ù„Ø¨Ø±ÙŠØ¯ Ø§Ù„Ø¥Ù„ÙƒØªØ±ÙˆÙ†ÙŠ :\nØ­Ù…Ù„Ø© Ø§Ù„ØªØ³ÙˆÙŠÙ‚ Ø§Ù„Ù†Ø§Ø¬Ø­Ø© Ù…Ù† Ø®Ù„Ø§Ù„ Ø§Ù„Ø¨Ø±ÙŠØ¯ Ø§Ù„Ø¥Ù„ÙƒØªØ±ÙˆÙ†ÙŠ Ø³ÙˆÙ ØªØ³Ø§Ø¹Ø¯Ùƒ Ù„Ø¨Ù†Ø§Ø¡ Ù‚Ø§Ø¹Ø¯Ø© Ø¨ÙŠØ§Ù†Ø§Øª Ø¶Ø®Ù…Ø© ÙˆÙ‡Ø°Ø§ ÙŠØ¹Ù†ÙŠ Ø§Ù„Ø­ÙØ§Ø¸ Ø¹Ù„Ù‰ Ø§Ù„Ø¹Ù„Ø§Ù…Ø© Ø§Ù„ØªØ¬Ø§Ø±ÙŠØ© ÙˆØ§Ù„Ø®Ø¯Ù…Ø§Øª Ø§Ù„ØªÙŠ ØªÙ‚Ø¯Ù…Ù‡Ø§ ØªØ¨Ù‚Ù‰ ÙÙŠ Ø°Ù‡Ù† Ø§Ù„Ù‚Ø±Ø§Ø¡ ÙˆØ­ÙŠØ« Ø£Ù† Ø§Ù„ØªØ³ÙˆÙŠÙ‚ Ø¹Ù† Ø·Ø±ÙŠÙ‚ Ø§Ù„Ø¨Ø±ÙŠØ¯ Ø§Ù„Ø¥Ù„ÙƒØªØ±ÙˆÙ†ÙŠ ÙŠÙˆÙ„Ø¯ ØªÙ‚Ø±ÙŠØ¨Ø§Ù‹ 41 Ø¯ÙˆÙ„Ø§Ø± Ù…Ù† Ø§Ù„Ù…Ø¨ÙŠØ¹Ø§Øª Ù„ÙƒÙ„ Ø¯ÙˆÙ„Ø§Ø± ÙŠØªÙ… Ø¥Ù†ÙØ§Ù‚Ù‡ ÙˆÙ‡Ø°Ù‡ Ù†Ø³Ø¨Ø© ØªÙÙˆÙ‚ ÙˆØ³Ø§Ø¦Ù„ Ø§Ù„ØªÙˆØ§ØµÙ„ Ø§Ù„Ø§Ø¬ØªÙ…Ø§Ø¹ÙŠ ÙˆØ§Ù„Ø¥Ø¹Ù„Ø§Ù†Ø§Øª ÙˆÙ…Ø­Ø±Ùƒ Ø§Ù„Ø¨Ø­Ø« Ø§Ù„ØªÙŠ ØªØ³Ø§Ø¹Ø¯Ùƒ ÙÙŠ Ø§Ù„ØªØ³ÙˆÙŠÙ‚ ÙˆØ§Ù„ØªØ³ÙˆÙŠÙ‚ Ø¹Ù† Ø·Ø±ÙŠÙ‚ Ø§Ù„Ù…ÙˆØ¨Ø§ÙŠÙ„ .\nÙ…Ù† Ø§Ù„Ù…Ø­ØªÙ…Ù„ Ø¹Ù†Ø¯ Ù‚ÙŠØ§Ù…Ùƒ Ø¨Ø¹Ù…Ù„ Ø§Ù„ØªØ³ÙˆÙŠÙ‚ Ø¹Ù† Ø·Ø±ÙŠÙ‚ Ø§Ù„Ø¨Ø±ÙŠØ¯ Ø§Ù„Ø¥Ù„ÙƒØªØ±ÙˆÙ†ÙŠ Ù„Ù… ÙŠØ¹Ø·ÙŠ Ù„Ùƒ Ù†ØªØ§Ø¦Ø¬ Ø¬ÙŠØ¯Ø©  ÙƒÙ…Ø§ ÙƒÙ†Øª ØªØªÙ…Ù†Ù‰ ÙˆØ§Ù„Ø¢Ù† ÙŠØ¬Ø¨ Ø¹Ù„ÙŠÙƒ ØªØªØ¨Ø¹ Ø§Ù„Ø®Ø·ÙˆØ§Øª Ø§Ù„ØªØ§Ù„ÙŠØ© Ù„ØªØ­Ø³ÙŠÙ† Ù…ÙØ¹Ø¯Ù„Ø§Øª Ø§Ù„ØªÙŠ Ù„Ù… ØªØ­Ù‚Ù‚Ù‡Ø§ Ù…Ù† Ù‚Ø¨Ù„\n1-    Ø£Ø¬Ø¹Ù„ Ø§Ù„Ø¨Ø±ÙŠØ¯ Ø§Ù„Ø¥Ù„ÙƒØªØ±ÙˆÙ†ÙŠ ÙŠØ³ØªØ¬ÙŠØ¨ Ù…Ø¹ Ù…Ø³ØªØ®Ø¯Ù…ÙŠ Ø§Ù„Ù…ÙˆØ¨Ø§ÙŠÙ„ .\n2-    Ù‚Ù… Ø¨Ø¥Ø¶Ø§ÙØ© Ø§Ù„Ø¹Ø¯ÙŠØ¯ Ù…Ù† Ø£Ø³Ø¦Ù„Ø© Ø§Ù„ØªÙØ§Ø¹Ù„.\n3-    Ø§Ø³ØªØ®Ø¯Ù… Ø±ÙˆØ§Ø¨Ø· ÙˆØ³Ø§Ø¦Ù„ Ø§Ù„ØªÙˆØ§ØµÙ„ Ø§Ù„Ø§Ø¬ØªÙ…Ø§Ø¹ÙŠ.\nØªØ°ÙƒØ± Ø¯Ø§Ø¦Ù…Ø§Ù‹ ÙˆØ¶Ø¹ Ø£ÙˆÙ„ Ø³Ø·Ø± ÙŠÙƒÙˆÙ† Ø¬Ø°Ø§Ø¨ Ø¬Ø¯Ø§Ù‹ ØŒ ÙŠÙƒÙˆÙ† Ø¬Ù…Ù„Ø© Ù…ÙØ­ÙØ² Ø¥Ù„ÙŠ Ø§Ù„Ø¹Ù…Ù„ ÙˆØªØ¶Ù…Ù† Ø§Ù„ØªØ®ØµÙŠØµ Ø¥Ù† Ø£Ù…ÙƒÙ† .\n \n-         Ø§Ù„Ø®Ø·Ø£ Ø§Ù„Ø«Ø§Ù„Ø«: Ø¥Ø³Ø§Ø¡Ø© ÙÙŠ Ø§Ø³ØªØ®Ø¯Ø§Ù… ÙˆØ³Ø§Ø¦Ù„ Ø§Ù„ØªÙˆØ§ØµÙ„ Ø§Ù„Ø§Ø¬ØªÙ…Ø§Ø¹ÙŠ :\nÙ‚Ù†ÙˆØ§Øª ÙˆØ³Ø§Ø¦Ù„ Ø§Ù„ØªÙˆØ§ØµÙ„ Ø§Ù„Ø§Ø¬ØªÙ…Ø§Ø¹ÙŠ ØªÙˆÙØ± Ù…Ø¬Ù…ÙˆØ¹Ø© Ø·Ø±Ù‚ Ù…Ø¬Ø§Ù†Ø§Ù‹ Ø¹Ù† Ø·Ø±ÙŠÙ‚Ù‡Ø§ Ù…Ø³ÙˆÙ‚ÙŠÙ† Ø§Ù„Ù…Ø­ØªÙˆÙ‰ ÙŠØªÙ…ÙƒÙ†ÙˆØ§ Ù…Ù† Ø§Ù„ÙˆØµÙˆÙ„ Ø¥Ù„ÙŠ Ø¬Ù…Ù‡ÙˆØ± ÙƒØ¨ÙŠØ± ÙˆÙ„ÙƒÙ† Ø£Ø­ÙŠØ§Ù†Ø§Ù‹ Ù†Ø³ÙŠØ¡ ÙÙŠ Ø§Ø³ØªØ®Ø¯Ø§Ù… Ø§Ù„Ø£Ø¯ÙˆØ§Øª Ø§Ù„Ù…ÙØ¨ØªÙƒØ±Ø© Ø§Ù„ØªÙŠ Ù†Ù…ØªÙ„ÙƒÙ‡Ø§ ÙˆØ°Ù„Ùƒ Ù…Ù† Ø®Ù„Ø§Ù„  Ø¹Ø¯Ù… ÙÙ‡Ù… Ø§Ù„Ø¬Ù…Ù‡ÙˆØ± ÙˆØ¹Ø¯Ù… Ø§Ù„ØªÙØ§Ø¹Ù„ Ù…Ø¹ Ù…ÙØ³ØªØ®Ø¯Ù…ÙŠÙ† ÙˆØ§Ø®ØªÙŠØ§Ø± ÙˆØ³Ø§Ø¦Ù„ ØªÙˆØ§ØµÙ„ Ø§Ø¬ØªÙ…Ø§Ø¹ÙŠ Ù„Ù… ØªØ­Ù‚Ù‚ Ù„Ù†Ø§ Ù‡Ø¯ÙÙ†Ø§.\nØ¥Ø°Ø§ Ù„Ù… ÙŠÙƒÙ† Ù„Ø¯ÙŠÙƒ ÙˆØ¬ÙˆØ¯ Ø¹Ù„Ù‰ ÙˆØ³Ø§Ø¦Ù„ Ø§Ù„ØªÙˆØ§ØµÙ„ Ø§Ù„Ø§Ø¬ØªÙ…Ø§Ø¹ÙŠ ÙØ£Ù†Øª ØªØ­ØªØ§Ø¬ Ø¥Ù„ÙŠ ÙˆØ§Ø­Ø¯ ÙˆÙ‡Ø°Ø§ ÙˆÙ‚Øª Ø§Ù„Ø¨Ø¯Ø¡.\n \nÙ…Ø§ Ù‡Ùˆ Ø§Ù„Ø®Ø·Ø£ Ø§Ù„ØªÙŠ Ù„Ù… ØªØ±ØªÙƒØ¨Ù‡ Ù…Ù† Ù‡Ø°Ù‡ Ø§Ù„Ø£Ø®Ø·Ø§Ø¡ ØŸ\n\nØªØ§Ø¨Ø¹ÙˆØ§ ØµÙØ®ØªÙ†Ø§ #Ø¨Ø§Ù„Ø¹Ø±Ø¨ÙŠ_Digital_Marketing Ø¹Ù„Ø´Ø§Ù† ÙŠÙˆØµÙ„Ùƒ ÙƒÙ„ Ù…Ù‚Ø§Ù„Ø§ØªÙ†Ø§,https://www.facebook.com/DigitalMarketing.Araby/photos/a.1024968727526584.1073741828.1020125601344230/1328058713884249/?type=3,12,2,12,8
1020125601344230_1328041200552667,Digital Marketing Ø¨Ø§Ù„Ø¹Ø±Ø¨ÙŠ,26636,ØªÙˆÙŠØªØ±  ØªØ¹Ù„Ù† Ø¹Ù† Ø¥Ø²Ø§Ù„Ø© ÙƒÙ„Ø§Ù‹ Ù…Ù† Dashboard  ÙˆØªØ·Ø¨ÙŠÙ‚ Vine\nØ¨Ø¹Ø¯ Ø£Ù† Ø£Ø·Ù„Ù‚Øª ØªÙˆÙŠØªØ± Ù„ÙˆØ­Ø© Ø§Ù„ØªØ·Ø¨ÙŠÙ‚Ø§Øª Ù…Ù† Ø®Ù„Ø§Ù„ Ø§Ù„Ù€Ù€ Desktop  Ù…ÙÙ†Ø° Ø³ØªØ© Ø£Ø´Ù‡Ø± Ø§Ù„Ø¢Ù† Ø´Ø±ÙƒØ© ØªÙˆÙŠØªØ± Ø£Ø¹Ù„Ù†Øª Ø£Ù†Ù‡Ø§ Ø³ÙˆÙ ØªÙ‚ÙˆÙ… Ø¨Ø¥Ù„ØºØ§Ø¡ Ù‡Ø°Ù‡ Ø§Ù„Ø®Ø§ØµÙŠØ©  ÙÙŠ ÙŠÙˆÙ… 3 ÙØ¨Ø±Ø§ÙŠØ± 2017\nÙÙŠ Ø´Ù‡Ø± ÙŠÙˆÙ†ÙŠÙˆ Ø§Ù„Ù…Ø§Ø¶ÙŠ Ø£Ø¹Ù„Ù†Øª ØªÙˆÙŠØªØ± Ø¨Ø¥Ø·Ù„Ø§Ù‚ Ø®Ø§ØµÙŠØ©  Dashboard  Ø¹Ù„Ù‰ ÙƒÙ„Ø§Ù‹ Ù…Ù† IOS Ùˆ Desktop ÙˆØ°Ù„Ùƒ Ù„Ù…Ø³Ø§Ø¹Ø¯Ø© Ø§Ù„Ø´Ø±ÙƒØ§Øª Ù„Ù„ØªÙˆØ§ØµÙ„ Ù…Ø¹ Ø¹Ù…Ù„Ø§Ø¦Ù‡Ø§ Ù…Ù† Ù…ÙØ³ØªØ®Ø¯Ù…ÙŠ ØªÙˆÙŠØªØ± Ø¨Ø´ÙƒÙ„ Ø£ÙƒØ«Ø± Ø³Ù‡ÙˆÙ„Ø©.\nÙ…Ù† Ù‡Ù†Ø§ Ø¨Ø¯Ø£Øª Ø§Ù„Ø¹Ø¯ÙŠØ¯ Ù…Ù† Ø§Ù„Ø´Ø±ÙƒØ§Øª ÙÙŠ Ø§Ø³ØªØ®Ø¯Ø§Ù… Ù‡Ø°Ù‡ Ø§Ù„Ø®Ø§ØµÙŠØ© Ù„ØªØ³ØªØ·ÙŠØ¹ Ù…ÙØ´Ø§Ù‡Ø¯Ø© Ù…Ø§ Ø§Ù„Ø°ÙŠ ÙŠÙ‚Ø§Ù„ Ø¹Ù†Ù‡Ø§ ÙˆÙ…ÙØ´Ø§Ù‡Ø¯Ø© ØªÙØ§Ø¹Ù„ Ø§Ù„Ù…ÙØ³ØªØ®Ø¯Ù…ÙŠÙ† Ù…Ø¹ Ø§Ù„ Tweet  ÙˆÙ‡Ø°Ø§ Ø£ÙŠØ¶Ø§Ù‹ ÙŠØ³Ø§Ø¹Ø¯ Ø§Ù„Ø´Ø±ÙƒØ§Øª Ù…Ù† ÙˆØ¶Ø¹ Ø§Ù„ Tweet Ø§Ù„Ù…Ù†Ø§Ø³Ø¨Ø© ÙÙŠ Ø§Ù„ÙˆÙ‚Øª Ø§Ù„Ù…Ù†Ø§Ø³Ø¨ ÙˆÙ…Ù† Ø¶Ù…Ù† Ù…ÙÙ…ÙŠØ²Ø§Øª Ù‡Ø°Ù‡ Ø§Ù„Ø®Ø§ØµÙŠØ© Ù‡ÙŠ Ø¥Ø¹Ø·Ø§Ø¡ Ø§Ù„Ø´Ø±ÙƒØ§Øª Ø§Ù„Ù‚Ø¯Ø±Ø© Ø¹Ù„Ù‰ Ø§Ù„Ø§Ø¨ØªÙƒØ§Ø± ÙˆØ§Ù„Ø¥Ø¨Ø¯Ø§Ø¹ ÙÙŠ Ø§Ù„Ø£ÙÙƒØ§Ø± ÙˆØ¹Ø±Ø¶ Ø§Ù„Ù€Ù€ Tweet .Ø¨Ø´ÙƒÙ„ Ø£ÙØ¶Ù„ Ù„ÙŠØ¬Ù„Ø¨ Ù„Ù‡Ù… ØªÙØ§Ø¹Ù„ Ø£ÙƒØ«Ø±.\nÙˆÙ„Ù„Ø£Ø³Ù Ø§Ù„Ø¢Ù† Ø£Ø¹Ù„Ù†Øª Ø´Ø±ÙƒØ© ØªÙˆÙŠØªØ± Ø¹Ù†  Ø¥Ø²Ø§Ù„Ø© Ù‡Ø°Ù‡ Ø§Ù„Ø®Ø§ØµÙŠØ© Ù…Ù† Ø®Ù„Ø§Ù„ Ø§Ù„Ù€Ù€ Tweets Ø§Ù„ØªØ§Ù„ÙŠØ© :\n-        ÙÙŠ Ø§Ù„Ù…Ø³ØªÙ‚Ø¨Ù„ Ù†Ø£Ù…Ù„ Ø¹Ù„Ù‰ ØªÙ‚Ø¯ÙŠÙ… ÙˆØªØ­Ù‚ÙŠÙ‚ Ø£ÙØ¶Ù„ Ù…ÙÙ…ÙŠØ²Ø§Øª Ù…Ù† Ø®Ù„Ø§Ù„ Ø§Ù„Ù€Ù€ Dashboard   Ù„Ù…ÙØ³ØªØ®Ø¯Ù…ÙŠ  ÙˆÙ…ÙØªØ§Ø¨Ø¹ÙŠ ØªÙˆÙŠØªØ± .\n-        Ø´ÙƒØ±Ø§Ù‹ Ù„ÙƒÙ„ Ù…Ù† Ø§Ø³ØªØ®Ø¯Ù… Ø§Ù„Ù€Ù€ Dashboard ÙˆÙƒØ§Ù†Øª Ø¬Ø²Ø¡ Ù…Ù† Ø¹Ù…Ù„Ù‡ ÙˆÙ‚Ø§Ù… Ø¨Ø¥Ø¹Ø·Ø§Ø¦Ù‡Ø§ Ø±Ø¯ÙˆØ¯ ÙØ¹Ù„ Ø¥ÙŠØ¬Ø§Ø¨ÙŠØ© Ø¹Ù„Ù‰ Ù‡Ø°Ù‡ Ø§Ù„Ù…ÙŠØ²Ø© .\n-        ÙƒÙ„ Ø§Ù„Ø°ÙŠ Ù‚Ø§Ù… Ø¨Ø¹Ù…Ù„ Ø¬Ø¯ÙˆÙ„Ø© Ù„Ù„Ù€Ù€ Tweet Ø³ÙˆÙ ØªÙ†Ø²Ù„ ÙÙŠ Ø§Ù„Ù…Ø¹Ø§Ø¯ Ø§Ù„Ù…ÙØ­Ø¯Ø¯ Ù„Ù‡Ø§ ÙˆÙ„Ø§ Ù†Ù‚ÙˆÙ… Ø¨Ø¥Ø²Ø§Ù„ØªÙ‡Ø§ÙˆØ£ÙŠØ¶Ø§Ù ØªØ³ØªØ·ÙŠØ¹  Ø£Ù† ØªØ±Ù‡Ø§ ÙˆØªØ¹Ø¯Ù„ ÙÙŠÙ‡Ø§ .\nDashboard ØªØ¹Ù…Ù„ Ø¨Ø´ÙƒÙ„ Ø¬ÙŠØ¯ Ø­ØªÙ‰ Ø§Ù„Ø¢Ù† ÙˆÙ„ÙƒÙ† ÙÙŠ ÙØ¨Ø±Ø§ÙŠØ± Ø§Ù„Ù‚Ø§Ø¯Ù… Ø³ÙˆÙ ÙŠØªÙ… Ø¥ØºÙ„Ø§Ù‚Ù‡Ø§\n\nØ´Ø±ÙƒØ© ØªÙˆÙŠØªØ± Ù„ÙŠØ³Øª Ù‚Ø§Ù…Øª Ø¨Ø§Ù„Ø¥Ø¹Ù„Ø§Ù† Ø¹Ù† Ø¥ØºÙ„Ø§Ù‚ Ù‡Ø°Ù‡ Ø§Ù„Ø®Ø§ØµÙŠØ© ÙÙ‚Ø·  ÙÙŠ Ø¨Ø¯Ø§ÙŠØ© 2017 ÙˆÙ„ÙƒÙ† Ø³Ø¨Ù‚ ÙˆÙ‚Ø§Ù…Øª Ø¨Ø¥ØºÙ„Ø§Ù‚ ØªØ·Ø¨ÙŠÙ‚ Vine ÙˆØªØ­ÙˆÙŠÙ„Ù‡ Ø¥Ù„Ù‰ Vine Camera ÙŠÙˆÙ… 17 ÙŠÙ†Ø§ÙŠØ± 2017.\n\nØªØ·Ø¨ÙŠÙ‚ Vine Ø³ÙˆÙ ØªØªØ­ÙˆÙ„ Ø¥Ù„Ù‰ Vine Camera ÙˆÙ‡Ùˆ Ù…Ù† Ø§Ù„ØªØ·Ø¨ÙŠÙ‚Ø§Øª  Ø§Ù„Ù…Ù…Ù„ÙˆÙƒØ© Ù„Ø´Ø±ÙƒØ© ØªÙˆÙŠØªØ± ÙˆÙˆØ¸ÙŠÙØªÙ‡Ø§ Ù…Ø´Ø§Ø±ÙƒØ© ÙÙŠØ¯ÙŠÙˆÙ‡Ø§Øª Ù„Ø§ ØªØªØ¹Ø¯Ù‰ 6 Ø«ÙˆØ§Ù†ÙŠ Ùˆ Ø¨Ø£Ø³Ù…Ù‡Ø§ Ø§Ù„Ø¬Ø¯ÙŠØ¯ Ø³ÙˆÙ ØªØµØ¨Ø­ Ø£Ø¯Ø§Ø© Ø£ÙƒØ«Ø± Ù…Ù† Ø£Ù†Ù‡Ø§ Platform Ø¨Ù…Ø¹Ù†Ù‰ ÙŠÙ…ÙƒÙ†Ùƒ Ø¹Ù…Ù„ ÙÙŠØ¯ÙŠÙˆ Ù„Ø§ ÙŠØªØ¹Ø¯Ù‰ 60 Ø«Ø§Ù†ÙŠØ© ÙˆØªÙ‚ÙˆÙ… Ø¨Ù†Ø´Ø±Ù‡ Ø¹Ù„Ù‰ ØªÙˆÙŠØªØ± Ø£Ùˆ Ø­ÙØ¸Ù‡Ø§ Ø¹Ù„Ù‰ Ø¬Ù‡Ø§Ø²Ùƒ ÙˆÙ„ÙŠØ³ Ù†Ø´Ø±Ù‡ Ø¹Ù„Ù‰ Ø§Ù„ØªØ·Ø¨ÙŠÙ‚.\nØªØ§Ø¨Ø¹ÙˆÙ†Ø§ Ø¹Ù„Ù‰ ØµÙØ­ØªÙ†Ø§ #Ø¨Ø§Ù„Ø¹Ø±Ø¨ÙŠ_Digital_marketing Ø¹Ù„Ø´Ø§Ù† ÙŠÙˆØµÙ„Ùƒ Ø§Ø¬Ø¯Ø¯ Ù…Ù‚Ø§Ù„Ø§ØªÙ†Ø§,https://www.facebook.com/DigitalMarketing.Araby/photos/a.1024968727526584.1073741828.1020125601344230/1328041200552667/?type=3,5,3,5,8
1020125601344230_1328027173887403,Digital Marketing Ø¨Ø§Ù„Ø¹Ø±Ø¨ÙŠ,26636,Ø§Ø®Ø¨Ø§Ø± Ù„Ø²ÙŠØ§Ø¯Ø© Ù…Ø­ØªÙˆÙ‰ #Ø³Ù†Ø§Ø¨_Ø´Ø§Øª ÙÙŠ #Discover\n ÙÙŠ Ø³Ø¨ØªÙ…Ø¨Ø± E! News ÙˆÙ‡ÙŠ Ø´Ø±ÙƒØ© Ø¥Ù† Ø¨ÙŠ Ø³ÙŠ Ø§Ù„Ø¹Ø§Ù„Ù…ÙŠØ© Ø¹Ù…Ù„Øª ØµÙÙ‚Ø© Ø§Ø³Ù…Ù‡Ø§ The Rundown Ù…Ø¹ Ø³Ù†Ø§Ø¨ Ø´Ø§Øª Ù„Ø¹Ø±Ø¶ Ø¨Ø±Ø§Ù…Ø¬ Ø§Ù„Ø¬ÙˆØ§Ø¦Ø² Ø§Ù„ØªÙŠ ØªÙ‚Ø¯Ù…Ù‡Ø§ Ù‡Ø°Ù‡ Ø§Ù„Ø´Ø±ÙƒØ© ÙÙŠ Discovery ÙˆØ¨Ø¹Ø¯ Ù‡Ø°Ù‡ Ø§Ù„ØµÙÙ‚Ø© Ø§Ø±ØªÙØ¹Øª Ù†Ø³Ø¨Ø© Ù…Ø´Ø§Ù‡Ø¯Ø§Øª Ø§Ù„Ø¨Ø±Ø§Ù…Ø¬ Ø¥Ù„ÙŠ 82% ÙˆÙ„Ø°Ù„Ùƒ Ø§Ù„Ø´Ø±ÙƒØ© ØªØ¹Ù„Ù† Ø¹Ù† Ø®Ø·Ø· Ø¥Ø¶Ø§ÙÙŠØ© Ù„Ø²ÙŠØ§Ø¯Ø© Ø¨Ø±Ù…Ø¬Ø© Ø³Ù†Ø§Ø¨ Ø´Ø§Øª ÙÙŠ 2017\nØµÙÙ‚Ø© #The_Rundown Ø¨Ø¯Ø£Øª Ø¨ÙŠÙ† Ø³Ù†Ø§Ø¨ Ø´Ø§Øª Ùˆ E! News ÙˆÙ‡ÙŠ Ø§Ù„Ø´Ø±ÙƒØ© Ø§Ù„Ø£Ù… Ø¥Ù† Ø¨ÙŠ Ø³ÙŠ Ø§Ù„Ø¹Ø§Ù„Ù…ÙŠØ© ÙˆÙƒØ§Ù† Ø§Ù„Ø§ØªÙØ§Ù‚ Ø¹Ù„Ù‰ Ø£Ø³Ø§Ø³ Ø¹Ø±Ø¶ Ø§Ù„Ø°ÙŠ ÙŠØ­Ø¯Ø« ÙÙŠ Ø´Ø±ÙƒØ© Ø¥Ù† Ø¨ÙŠ Ø³ÙŠ Ù…Ø«Ù„ The Tonight Show Ùˆ The Voice and Saturday Night Live.\nÙˆÙÙŠ ÙƒÙ„ Ø§Ù„Ø­Ø§Ù„Ø§Øª  The Rundown  Ù„ÙŠØ³ Ù‡ÙŠ Ø§Ù„Ø´ÙŠØ¡ Ø§Ù„ÙˆØ­ÙŠØ¯ Ù…Ø¹ Ø´Ø±ÙƒØ© Ø§Ù† Ø¨ÙŠ Ø³ÙŠ Ø§Ù„Ø°ÙŠ Ù‚Ù…Ù†Ø§ Ø¨Ø¹Ù…Ù„Ù‡  ÙˆÙ„ÙƒÙ† Ø¨Ø¹Ø¯Ù‡Ø§ Ø£Ø¹Ù„Ù†Ø§ Ø¹Ù„Ù‰ Ø¬ÙˆØ§Ø¦Ø² Golden Globes Ùˆ E! News ÙˆÙƒØ§Ù†Øª Ø£ÙˆÙ„ Ø³Ø¬Ø§Ø¯Ø© Ø­Ù…Ø±Ø§Ø¡ Ù…ÙˆØ¬ÙˆØ¯Ø© ÙÙŠ Ø§Ù„Ù€Ù€ Discover Ø§Ù„Ø®Ø§ØµØ© Ø¨Ø§Ù„Ø³Ù†Ø§Ø¨ Ø´Ø§Øª ÙˆÙ‡Ø°Ø§ ÙƒØ§Ù† Ù†Ø¬Ø§Ø­ ÙƒØ¨ÙŠØ± Ø­ÙŠØ« ÙˆØµÙ„Øª Ù†Ø³Ø¨Ø© Ø§Ù„Ù…Ø´Ø§Ù‡Ø¯Ø§Øª Ø¹Ù„Ù‰ Ù…Ø­ØªÙˆÙ‰ Ø³Ù†Ø§Ø¨ Ø´Ø§Øª Ø¥Ù„ÙŠ Ù…Ù„ÙŠÙˆÙ† Ù…Ø´Ø§Ù‡Ø¯Ø© ÙÙŠ Ø¨Ø±Ù†Ø§Ù…Ø¬ Ø¬ÙˆØ§Ø¦Ø² Golden Globes ÙˆÙ„Ø°Ù„Ùƒ ÙˆØ§Ø¶Ø­ Ø£Ù† Ø²ÙŠØ§Ø¯Ø© Ø¨Ø±Ù…Ø¬Ø© Ø³Ù†Ø§Ø¨ Ø´Ø§Øª Ø³ÙˆÙ ØªØ¹ÙƒØ³ Ø¹Ù„Ù‰ ØªØ·ÙˆØ± Ø§Ù„Ù…Ù†ØµØ© ÙƒÙ…Ø§ Ø£Ù†Ù‡Ø§ ØªØ±ÙƒØ² Ø£ÙƒØ«Ø± Ø¹Ù„Ù‰ Ø§Ù„ÙÙŠØ¯ÙŠÙˆ.\nÙ…Ø¤Ø®Ø±Ø§Ù‹ Digiday  Ù†Ø´Ø±Øª Ø¨ÙˆØ³Øª ÙŠØ´Ù…Ù„ Ø®Ø·Ø· ÙˆØªÙØ§ØµÙŠÙ„ Ø§Ù„ØªØ±ÙƒÙŠØ² Ø¹Ù„Ù‰ Ø¨Ø±Ø§Ù…Ø¬ Ø§Ù„Ø¬ÙˆØ§Ø¦Ø² Ø§Ù„ÙƒØ¨Ø±Ù‰ Ù…Ø«Ù„ Ø­ÙÙ„ ØªÙˆØ²ÙŠØ¹ Ø¬ÙˆØ§Ø¦Ø² Ø§Ù„Ø£ÙˆØ³ÙƒØ§Ø± ÙˆØ¬ÙˆØ§Ø¦Ø² Grammys Ùˆ Golden Globes ÙˆØªØ¹Ù…Ù„ Ø¹Ù„Ù‰ ØªÙ‚Ø¯ÙŠÙ…  The Rundown ÙƒÙ„ Ø§Ø³Ø¨ÙˆØ¹ÙŠÙ† ÙˆÙ‡Ø°Ø§ Ù…Ù† Ø¨Ø¯Ø§ÙŠØ© ÙØ¨Ø±Ø§ÙŠØ± ÙˆÙƒØ§Ù†Øª Ù‡ÙŠ  Ø§Ù„Ø³Ø¨Ø¨ Ø§Ù„Ø±Ø¦ÙŠØ³ÙŠ ÙÙŠ Ù†Ø¬Ø§Ø­Ù‡Ø§ ÙÙŠ Ø²ÙŠØ§Ø¯Ø© Ø¹Ø¯Ø¯ Ù…Ø±Ø§Øª ØªÙƒØ±Ø§Ø± The Rundown  75% Ù…Ù†  Ø§Ù„Ù…Ø´Ø§Ù‡Ø¯ÙŠÙ† ÙŠØ¹ÙˆØ¯ÙˆØ§ Ù„ÙƒÙ„  Ø­Ù„Ù‚Ø© Ù…ØªØªØ§Ù„ÙŠØ© Ø¨Ø§Ù„Ø¥Ø¶Ø§ÙØ© Ø¥Ù„Ù‰ Ø°Ù„Ùƒ Ø§Ø²Ø¯Ø§Ø¯ Ø¹Ø¯Ø¯ Ø§Ù„Ù…Ø´Ø§Ù‡Ø¯ÙŠÙ† Ø¥Ù„Ù‰ 82% Ù…Ù†Ø° Ø¨Ø¯Ø§ÙŠØªÙ‡Ø§ ÙˆÙ‡Ø°Ø§ Ø®Ø¨Ø± Ù…ÙØ´Ø¬Ø¹ Ø¬Ø¯Ø§Ù‹ Ù„ÙŠØ³ ÙÙ‚Ø· E! News Ø§Ù„Ø´Ø±ÙƒØ© Ø§Ù„Ø£Ù… ÙˆÙ„ÙƒÙ† Ø¨Ø§Ù„Ù†Ø³Ø¨Ø© Ù„ÙƒØ«ÙŠØ± Ù…Ù† Ø§Ù„Ù†Ø§Ø´Ø±ÙŠÙ† Ø§Ù„Ø¢Ø®Ø±ÙŠÙ†.\nÙ‚Ø§Ù„ Digiday  Ø£Ù† Ù‡Ù†Ø§Ùƒ Ø§Ù„Ø¹Ø¯ÙŠØ¯ Ù…Ù† Ø§Ù„Ù†Ø§Ø´Ø±ÙŠÙ† Ø§Ø´ØªÙƒÙˆØ§ Ù…Ù† Ø£Ù† Ø¹Ø¯Ø¯ Ø§Ù„Ù…Ø´Ø§Ù‡Ø¯Ø§Øª Ø§Ù†Ø®ÙØ¶Øª  ÙˆÙ‚Ø§Ù„ Ø¢Ø®Ø±ÙˆÙ† Ø£Ù†Ù‡Ø§ Ù„Ù… ØªÙ†Ø®ÙØ¶ ÙˆÙ„ÙƒÙ† Ù…Ø§Ø²Ø§Ù„ Ù„Ù… ØªÙƒÙ† Ø§Ù„Ù…Ø´Ø§Ù‡Ø¯Ø§Øª Ø«Ø§Ø¨ØªØ© ÙˆÙ„Ø§Ø¨Ø¯ Ù…Ù† Ø¥ØµÙ„Ø§Ø­ Ù‡Ø°Ù‡ Ø§Ù„Ù‚Ø¶ÙŠØ© Ù…Ù† Ø®Ù„Ø§Ù„ Ø³Ù†Ø§Ø¨ Ø´Ø§Øª .\nÙ…Ø§ Ø§Ù„Ø°ÙŠ ØªØªÙˆÙ‚Ø¹Ù‡ Ø£ÙŠØ¶Ø§Ù‹ Ø£Ù† ÙŠÙ‚ÙˆÙ… Ø¨Ø¹ Ø³Ù†Ø§Ø¨ Ø´Ø§Øª Ù„Ø²ÙŠØ§Ø¯Ø© Ø§Ù„Ù…Ø­ØªÙˆÙ‰ ØŸ\n\nØªØ§Ø¨Ø¹ÙˆÙ†Ø§ Ø¹Ù„Ù‰ ØµÙØ­ØªÙ†Ø§ #Ø¨Ø§Ù„Ø¹Ø±Ø¨ÙŠ_Digital_Marketing Ø¹Ù„Ø´Ø§Ù† ÙŠÙˆØµÙ„Ùƒ Ø§Ø¬Ø¯Ø¯ Ù…Ù‚Ø§Ù„Ø§ØªÙ†Ø§,https://www.facebook.com/DigitalMarketing.Araby/photos/a.1024968727526584.1073741828.1020125601344230/1328027173887403/?type=3,5,2,6,7
1020125601344230_1328024293887691,Digital Marketing Ø¨Ø§Ù„Ø¹Ø±Ø¨ÙŠ,26636,Ù†ØµØ§Ø¦Ø­ Ù„Ø¥Ù†Ø´Ø§Ø¡ ØµÙˆØ± Ù…Ø±Ø¦ÙŠØ© ÙØ¹Ø§Ù„Ø© Ù„ÙˆØ³Ø§Ø¦Ù„ Ø§Ù„ØªÙˆØ§ØµÙ„ Ø§Ù„Ø§Ø¬ØªÙ…Ø§Ø¹ÙŠ\nØ¹Ù…Ù„ ØªØµÙ…ÙŠÙ… Ø¨ØµÙˆØ±Ø© Ø¬Ø°Ø§Ø¨Ø© Ø£ØµØ¨Ø­ Ø£ÙƒØ«Ø± Ø£Ù‡Ù…ÙŠØ© Ù…Ù† Ø£ÙŠ ÙˆÙ‚Øª Ø¢Ø®Ø± ÙˆÙ‡Ø°Ø§ Ø§Ù„Ø§ØªØ¬Ø§Ù‡ ÙŠØ¬Ø¨ ØªÙˆØ¶ÙŠØ­Ù‡ Ø­ÙŠØ« Ø£Ù† Ø§Ù„Ù…Ù†ØµØ§Øª Ø§Ù„Ù…ÙØ±ØªÙƒØ²Ø© Ø¹Ù„Ù‰ #Ø§Ù„ØµÙˆØ± Ù…Ø«Ù„ #Ø§Ù†Ø³ØªØ¬Ø±Ø§Ù…  Ùˆ #Pinterest  ÙŠØªØ­Ø¯ÙˆÙ† ÙˆØ³Ø§Ø¦Ù„ Ø§Ù„ØªÙˆØ§ØµÙ„ Ø§Ù„Ø§Ø¬ØªÙ…Ø§Ø¹ÙŠ Ø§Ù„Ù‚Ø¯ÙŠÙ…Ø© ÙÙŠ Ø­ÙŠÙ† Ø£Ù† #Ø§Ù„ÙÙŠØ³Ø¨ÙˆÙƒ Ùˆ #ØªÙˆÙŠØªØ± ÙŠØ´Ù…Ù„ÙˆØ§ Ù…Ø­ØªÙˆÙ‰ Ø¨ØµØ±ÙŠ Ø£ÙƒØ«Ø± Ù…Ù† Ø£ÙŠ ÙˆÙ‚Øª Ù…Ø¶Ù‰\nÙˆÙ†Ø¸Ø±Ø§Ù‹ Ù„Ù‡Ø°Ø§ Ø§Ù„ØªØ­ÙˆÙ„ ÙˆØ§Ø­Ø¯Ø© Ù…Ù† Ø§Ù„Ø·Ø±Ù‚ Ù„Ù„ÙˆØµÙˆÙ„ Ø¥Ù„Ù‰ Ø§Ù„Ø¬Ù…Ù‡ÙˆØ± Ù‡ÙŠ Ø¥ØªÙ‚Ø§Ù† Ø£Ø³Ù„ÙˆØ¨ Ø¨ØµØ±ÙŠ ÙˆÙ…Ø¹Ù‡ Ù…Ø­ØªÙˆÙ‰ Ø¬Ø°Ø§Ø¨ ÙÙŠ Ù†ÙØ³ Ø§Ù„ÙˆÙ‚Øª ÙˆØ§Ù„Ø¢Ù† Ù†ØªØ­Ø¯Ø« ÙÙŠ Ù‡Ø°Ù‡ Ø§Ù„Ù…Ù‚Ø§Ù„Ø© Ø¹Ù„Ù‰ Ø£ÙØ¶Ù„ Ø§Ù„ØªÙ‚Ù†ÙŠØ§Øª Ù„Ø¥Ù†Ø´Ø§Ø¡ ØµÙˆØ± Ù„ÙˆØ³Ø§Ø¦Ù„ #Ø§Ù„ØªÙˆØ§ØµÙ„_Ø§Ù„Ø§Ø¬ØªÙ…Ø§Ø¹ÙŠ .\nâ—        ØªØ­Ø¯ÙŠØ¯ Ù…Ø­ØªÙˆÙ‰ ÙŠØ¬Ù„Ø¨ Ù†ØªØ§Ø¦Ø¬ :\nØ§Ù„Ø£ÙØ¶Ù„ Ù…Ù† Ø¥Ù†Ø´Ø§Ø¡ ØªØµÙ…ÙŠÙ… Ø¨ØµÙˆØ±Ø© Ø¬Ø°Ø§Ø¨Ø© Ù„ÙŠØ¬Ù„Ø¨ Ø£ÙØ¶Ù„ Ù†ØªØ§Ø¦Ø¬ Ù‡Ùˆ Ø¹Ù…Ù„ Ù…Ø­ØªÙˆÙ‰ Ø¬Ø°Ø§Ø¨ ÙŠØ¹Ø·ÙŠ Ù‡Ø¯Ù Ù…Ù† Ø®Ù„Ø§Ù„ Ø§Ù„ØªØµÙ…ÙŠÙ… Ø£ÙŠ Ø§Ù„Ù‡Ø¯Ù Ù…Ù† Ø¹Ù…Ù„ Ø§Ù„ØªØµÙ…ÙŠÙ… Ù„ØªÙˆØµÙŠÙ„ Ø±Ø³Ø§Ù„Ø© Ø¥Ù„ÙŠ Ø§Ù„Ø¬Ù…Ù‡ÙˆØ± ÙÙŠ Ø­ÙŠÙ† Ø£Ù† Ø§Ù„Ø§Ù†ØªØ±Ù†Øª Ù…Ù„ÙŠØ¦ Ø¨Ø§Ù„ØµÙˆØ± Ø§Ù„Ù…Ø¶Ø­ÙƒØ© ÙˆÙ„ÙƒÙ† Ù„Ù… ØªØ³Ø§Ø¹Ø¯ ÙÙŠ Ø§Ù„Ø£Ø¹Ù…Ø§Ù„ Ø§Ù„ØªØ¬Ø§Ø±ÙŠØ© ÙˆØªØ´Ø¬Ø¹ Ø¹Ù„Ù‰ Ø´Ø±Ø§Ø¡ Ø§Ù„Ù…Ù†ØªØ¬Ø§Øª Ø£Ùˆ Ø§Ù„Ø®Ø¯Ù…Ø§Øª Ø§Ù„Ø®Ø§ØµØ© Ø¨Ùƒ .\nÙ„Ø¥Ù†Ø´Ø§Ø¡ Ù…Ø­ØªÙˆÙ‰ Ù…Ø±Ø¦ÙŠ ÙŠØ³Ø§Ø¹Ø¯ Ø¹Ù„Ù‰ Ø²ÙŠØ§Ø¯Ø© Ø§Ù„ØªÙØ§Ø¹Ù„ ÙØ¥Ù†Ù‡ Ù…Ù† Ø§Ù„Ø¶Ø±ÙˆØ±ÙŠ Ø£Ù† ØªÙƒÙˆÙ† Ø§Ù„ØµÙˆØ± ÙˆØ±Ø§Ø¦Ù‡Ø§ Ù‡Ø¯Ù ÙˆÙ„Ù‡Ø§ Ø¹Ù„Ø§Ù‚Ø© Ø¨Ø§Ù„Ø´Ø±ÙƒØ© Ø£Ùˆ Ø§Ù„Ø­Ø¯Ø« Ø§Ù„Ø°ÙŠ ØªØªØ­Ø¯Ø« Ø¹Ù†Ù‡ .\n \nâ—        Ø¥Ù†Ø´Ø§Ø¡ ØµÙˆØ±Ø© Ù…Ø«Ø§Ù„ÙŠØ© Ù„Ù„Ù…Ù†ØµØ§Øª Ø§Ù„Ù…Ø®ØªÙ„ÙØ©:\nÙƒÙ„ Ù…Ù†ØµØ© Ù„Ù‡Ø§ Ù…ØªØ·Ù„Ø¨Ø§Øª Ø®Ø§ØµØ© ÙˆÙ…ÙŠØ²Ø© ØºØ±ÙŠØ¨Ø©  Ø¹Ù„Ù‰ Ø­Ø³Ø¨ ØªÙØ¶ÙŠÙ„Ø§Øª ÙƒÙ„ Ù…ÙØ³ØªØ®Ø¯Ù…\nØ§Ù„ÙÙŠØ³Ø¨ÙˆÙƒ : Ø£Ø´Ø§Ø±Øª Ø§Ù„Ø£Ø¨Ø­Ø§Ø« Ø§Ù„ØªÙŠ Ø£Ø¬Ø±ÙŠØª Ø£Ù† Ø§Ù„Ù…Ø­ØªÙˆÙ‰ Ø§Ù„Ù…Ø±Ø¦ÙŠ ÙŠÙƒÙˆÙ† Ø¹Ù„ÙŠÙ‡ ØªÙØ§Ø¹Ù„ ÙˆÙ…Ø´Ø§Ø±ÙƒØ§Øª  Ø£ÙƒØ«Ø± Ù…Ù† Ø§Ù„Ù…Ø­ØªÙˆÙ‰ Ø§Ù„ØºÙŠØ± Ù…Ø±Ø¦ÙŠ ÙˆÙ…Ù† Ø£ÙØ¶Ù„ ØµÙŠØº Ù„Ù„ØµÙˆØ± Ø¹Ù„Ù‰ Ø§Ù„ÙÙŠØ³Ø¨ÙˆÙƒ Ù‡ÙŠ Ø§Ù„Ø§Ù†ÙÙˆØ¬Ø±Ø§ÙÙŠÙƒ ÙˆÙ…Ø­ØªÙˆÙ‰ Ø§Ù„Ù…Ø³Ø§Ø¨Ù‚Ø§Øª ÙˆØ§Ù„ØµÙˆØ± Ø§Ù„Ù…ØªØ­Ø±ÙƒØ© #GIF ÙˆÙ„Ø§Ø¨Ø¯ Ø£Ù† ØªØªØ°ÙƒØ± Ø£Ù† Ù…Ø³ØªØ®Ø¯Ù…ÙŠ Ø§Ù„ÙÙŠØ³Ø¨ÙˆÙƒ ÙŠØ±ÙˆØ§ ØµÙˆØ±Ø§ Ø·ÙˆØ§Ù„ Ø§Ù„ÙŠÙˆÙ… ÙˆÙ‡Ø°Ø§ Ù…ÙÙ…Ù„  Ù„Ø°Ù„Ùƒ ÙƒÙÙ† Ù…Ù…ÙŠØ² ÙˆÙ…ØªÙ†ÙˆØ¹ ÙÙŠ Ø¥Ù†Ø´Ø§Ø¡ Ø§Ù„ØµÙˆØ± Ø§Ù„Ù…Ø®ØµØµØ© ÙˆØ§Ù„ØµÙˆØ± Ø§Ù„ØªÙŠ ØªØ¨Ø±Ø² Ùƒ .\nØªÙˆÙŠØªØ± : ØªÙˆÙŠØªØ± Ù„Ù… ÙŠØ®Ù„Ù‚ ÙƒÙ…Ù†ØµØ© Ù„Ù„Ù…Ø­ØªÙˆÙ‰ Ø§Ù„Ø¨ØµØ±ÙŠ ÙˆÙ„ÙƒÙ†Ù‡ ØªØ·ÙˆØ± ÙÙŠ Ù‡Ø°Ø§ Ø§Ù„Ø§ØªØ¬Ø§Ù‡ ÙˆÙŠØ¹Ù…Ù„ Ø¹Ù„Ù‰ Ø§Ù„Ø¬Ù…Ø¹ Ø¨ÙŠÙ† Tweet Ù‚ØµÙŠØ±Ø© Ù…Ø¹ ØµÙˆØ±Ø© Ø¬Ø°Ø§Ø¨Ø©  ÙˆØ¹Ù„Ù‰ Ø§Ù„Ø±ØºÙ… Ù…Ù† Ø¥Ù…ÙƒØ§Ù†ÙŠØ§ØªÙƒ ÙÙŠ ÙƒØªØ§Ø¨Ø© Tweet ØªØ´Ù…Ù„ 140 Ø­Ø±Ù ÙˆÙ„ÙƒÙ† ÙŠÙØ¶Ù„ Ø£Ù† ØªÙƒÙˆÙ† Ø£Ù‚ØµØ± ÙˆØ®Ø§ØµØ§Ù‹ Ø¹Ù†Ø¯Ù…Ø§ ÙŠÙƒÙˆÙ† Ø§Ù„Ù‡Ø¯Ù Ø¹Ù„Ù‰ ØªØ³Ù„ÙŠØ· Ø§Ù„ØµÙˆØ± .\nØ§Ù†Ø³ØªØ¬Ø±Ø§Ù… : ÙÙŠ Ø®Ù„Ø§Ù„ Ø§Ù„Ø³Ù†ÙˆØ§Øª Ø§Ù„Ù…Ø§Ø¶ÙŠØ© ØªÙ… ØµØ¹ÙˆØ¯ Ø§Ù†Ø³ØªØ¬Ø±Ø§Ù… ÙÙ‡Ùˆ ÙÙŠ Ø­Ø¯ Ø°Ø§ØªÙ‡ Ø¯Ù„ÙŠÙ„ Ø¹Ù„Ù‰ Ø§Ù„ØµÙˆØ± Ø§Ù„Ø¬Ø°Ø§Ø¨Ø© Ø§Ù„Ù…Ø±Ø¦ÙŠØ© ÙˆÙ…Ù† ÙˆÙ‚Øª Ù‚Ø±ÙŠØ¨ ØªÙ… ØªØ·ÙˆÙŠØ± Ø£Ø³Ù„ÙˆØ¨Ù‡ Ù…Ù† Ø®Ù„Ø§Ù„ Ø§Ù„Ø®ØµØ§Ø¦Øµ Ø§Ù„Ø¬Ø¯ÙŠØ¯Ø© Ø§Ù„Ù…Ø¶Ø§ÙØ© Ù…Ø«Ù„ Stories  Ùˆ Discovery ÙˆØ¹Ù…Ù„ Ø´ÙƒÙ„ Ù…Ø³ØªÙ‚Ù„ Ù„Ø£ØµØ­Ø§Ø¨ Ø§Ù„Ø´Ø±ÙƒØ§Øª ÙˆÙƒØ§Ù† Ù‡Ùˆ Ø§Ù„Ù†Ø¸Ø§Ù… Ø§Ù„Ø£Ø³Ø§Ø³ÙŠ Ù„Ù†Ø¬Ø§Ø­Ù‡Ø§  .\n \nÙ„Ø§Ø¨Ø¯ Ù…Ù† Ù…ÙØªØ§Ø¨Ø¹Ùƒ Ù„Ù„Ù†ØªØ§Ø¦Ø¬ Ø§Ù„ØªÙŠ ØªØµÙ„ Ø¥Ù„ÙŠÙ‡Ø§ Ø£ÙˆÙ„ Ø¨Ø£ÙˆÙ„ Ù„Ù…Ø¹Ø±ÙØ© Ù…Ø§ Ù‡Ùˆ Ù†ÙˆØ¹ Ø§Ù„ØµÙˆØ± Ø§Ù„ØªÙŠ ÙŠØ³ØªØ¬ÙŠØ¨ Ù„Ù‡Ø§ Ø¬Ù…Ù‡ÙˆØ±Ùƒ  .,https://www.facebook.com/DigitalMarketing.Araby/photos/a.1024968727526584.1073741828.1020125601344230/1328024293887691/?type=3,8,4,8,6
1020125601344230_1328020200554767,Digital Marketing Ø¨Ø§Ù„Ø¹Ø±Ø¨ÙŠ,26636,,https://www.facebook.com/DigitalMarketing.Araby/photos/a.1020131361343654.1073741827.1020125601344230/1328020200554767/?type=3,8,2,8,6
1020125601344230_1328010837222370,Digital Marketing Ø¨Ø§Ù„Ø¹Ø±Ø¨ÙŠ,26636,6 Ù…Ù…ÙŠØ²Ø§Øª Ø¬Ø¯ÙŠØ¯Ø© Ù„ÙÙŠØ¯ÙŠÙˆ #Ø§Ù„Ø¨Ø«_Ø§Ù„Ù…Ø¨Ø§Ø´Ø± Ù…Ù† Ø®Ù„Ø§Ù„ #Ø§Ù„ÙÙŠØ³Ø¨ÙˆÙƒ\nØ£Ø¹Ù„Ù† Ø§Ù„ÙÙŠØ³Ø¨ÙˆÙƒ Ø¹Ù† 6 Ø£Ø¯ÙˆØ§Øª ÙˆÙ…Ø²Ø§ÙŠØ§ Ø¹Ù†Ø¯ Ø§Ø³ØªØ®Ø¯Ø§Ù…Ùƒ  Ù„Ù„Ø¨Ø« Ø§Ù„Ù…Ø¨Ø§Ø´Ø± ÙˆÙ‡ÙŠ Ø³ÙˆÙ ØªØ³Ø§Ø¹Ø¯Ùƒ Ø¹Ù†Ø¯ Ù‚ÙŠØ§Ù…Ùƒ Ø¨Ø¹Ù…Ù„ Ø¨Ø« Ù…ÙØ¨Ø§Ø´Ø±\n1-  Ø§Ù„Ø£Ù† ØªØªÙ…ÙƒÙ†  Ù…Ù† Ø¹Ù…Ù„ Ø¨Ø« Ù…Ø¨Ø§Ø´Ø± Ù…Ù† Ø®Ù„Ø§Ù„ Ø§Ù„Ù„Ø§Ø¨ ØªÙˆØ¨ :\nØµÙØ­Ø§Øª Ø§Ù„ÙÙŠØ³Ø¨ÙˆÙƒ Ø§Ù„Ø¢Ù† ØªØªÙ…ÙƒÙ† Ù…Ù† Ø®Ù„Ø§Ù„Ù‡Ø§ Ù„Ø¹Ù…Ù„ Ø¨Ø« Ù…Ø¨Ø§Ø´Ø± Ù…Ù† Browser ÙˆÙ‡Ø°Ø§ Ø³ÙˆÙ ÙŠØµØ¨Ø­ Ø£ÙƒØ«Ø± Ø³Ù‡ÙˆÙ„Ø©  Ù„Ù…Ø¬Ù…ÙˆØ¹Ø© ÙƒØ¨ÙŠØ±Ø© Ù…Ù† Ø§Ù„Ù†Ø§Ø´Ø±ÙŠÙ† ÙˆØ®ØµÙˆØµØ§Ù‹ Ù…Ø¯ÙˆÙ†Ø§Øª #Ø§Ù„ÙÙŠØ¯ÙŠÙˆ Ø§Ù„ÙŠÙˆÙ…ÙŠØ© ÙˆÙ„ÙƒÙ† Ù†Ø­Ù† Ù…Ø§ Ø²Ù„Ù†Ø§ ÙÙŠ Ø§Ù†ØªØ¸Ø§Ø± Ø¨Ø¯Ø¡ ØªØ·Ø¨ÙŠÙ‚ ÙƒØ§Ù…Ù„ Ù„Ø¹Ù…Ù„ #ÙÙŠØ¯ÙŠÙˆ_Ù„Ø§ÙŠÙ Ù…Ù† Ø®Ù„Ø§Ù„ Desktop  Ù„Ù„Ø¬Ù…ÙŠØ¹ .\n2-  Ø¯ÙˆØ± Ø¬Ø¯ÙŠØ¯ ÙŠØ³Ù…Ù‰ Live Contributor :\nØ¥Ø°Ø§ ÙƒÙ†Øª Ø£Ù…Ù† Ù„ØµÙØ­Ø© Ù…Ø¹ÙŠÙ†Ø© Ù…Ù† Ø§Ù„Ù…Ù…ÙƒÙ† Ø£Ù† ØªØ®ØµØµ Ø´Ø®Øµ ÙŠÙ‚ÙˆÙ… Ø¨Ø¹Ù…Ù„ ÙÙŠØ¯ÙŠÙˆ Ù„Ø§ÙŠÙ Ø¨Ø§Ù„Ù†ÙŠØ§Ø¨Ø© Ø¹Ù†Ùƒ\nØ­ØªÙ‰ Ø§Ù„Ø¢Ù† Ø£Ø¯Ù…Ù† Ø§Ù„ØµÙØ­Ø© ÙÙ‚Ø· Ù‡Ùˆ Ø§Ù„Ø°ÙŠ ÙŠØ³ØªØ·ÙŠØ¹ Ø¹Ù…Ù„ ÙÙŠØ¯ÙŠÙˆ Ù„Ø§ÙŠÙ ÙˆÙ‡Ø°Ù‡ Ù…Ø´ÙƒÙ„Ø© ÙƒØ¨ÙŠØ±Ø© ÙÙŠ Ø­Ø§Ù„Ø© ÙˆØ¬ÙˆØ¯ ÙØ±ÙŠÙ‚ ÙƒØ¨ÙŠØ± Ù„Ø°Ù„Ùƒ Ù„Ø§Ø¨Ø¯ Ø£Ù† ØªØ¬Ø¹Ù„Ù‡Ù… Ø£ÙŠØ¶Ø§Ù Ø£Ø¯Ù…Ù† Ù„ÙŠØªÙ…ÙƒÙ†ÙˆØ§ Ù…Ù† Ø¹Ù…Ù„ ÙÙŠØ¯ÙŠÙˆ Ù„Ø§ÙŠÙ ÙˆÙ„ÙƒÙ† Ø§Ù„Ø¢Ù† Live Contributor ØªÙÙ…ÙƒÙ†Ùƒ Ø¨Ø³Ù‡ÙˆÙ„Ø© Ø¨Ø¹Ù…Ù„ ÙÙŠØ¯ÙŠÙˆ Ù„Ø§ÙŠÙ Ø¨Ø¯ÙˆÙ† Ø¥Ø¹Ø·Ø§Ø¦Ù‡ ØµÙ„Ø§Ø­ÙŠØ§Øª Ø§Ù„Ø§Ø¯Ù…Ù† .\n3-  Ø§Ù„ØªØ¹Ù„ÙŠÙ‚ Ø£Ø«Ù†Ø§Ø¡ Ø¨Ø« Ø§Ù„ÙÙŠØ¯ÙŠÙˆ :\nØ§Ù„Ø¢Ù† ØªØ³ØªØ·ÙŠØ¹ Ø¹Ù…Ù„ ØªØ¹Ù„ÙŠÙ‚ Ø£Ø«Ù†Ø§Ø¡ Ø¨Ø« Ø§Ù„ÙÙŠØ¯ÙŠÙˆ Ø¹Ù„Ù‰ Ø§Ù„Ø¬Ø²Ø¡ Ø§Ù„Ø³ÙÙ„ÙŠ Ù…Ù† Ø§Ù„Ø¨Ø« Ø§Ù„Ø®Ø§Øµ Ø¨Ùƒ.\n4-  ÙÙŠØ¯ÙŠÙˆ Ø§Ù„Ø±ÙˆØ§Ø¨Ø· Ø§Ù„Ø«Ø§Ø¨ØªØ© :\nØ§Ù„ÙÙŠØ³Ø¨ÙˆÙƒ Ù‚Ø§Ù… Ø¨Ø¥Ø¶Ø§ÙØ© Ø±ÙˆØ§Ø¨Ø· Ø«Ø§Ø¨ØªØ© Ù…Ø«Ù„ Ù‡Ø°Ù‡\nhttps://www.facebook.com/SearchEngineJournal/videos/\n ÙˆÙ‚Ø§Ù„ Ø§Ù„ÙÙŠØ³Ø¨ÙˆÙƒ Ø£Ù† Ø§Ù„Ù…ÙØ´Ø§Ù‡Ø¯ÙŠÙ†  ÙŠØªÙ…ÙƒÙ†ÙˆØ§ Ù…Ù† Ø²ÙŠØ§Ø±Ø© Ù‡Ø°Ø§ Ø§Ù„Ø±Ø§Ø¨Ø· Ù„Ù„ØµÙØ­Ø© Ø§Ù„Ø®Ø§ØµØ© Ø¨Ùƒ Ù„Ø§Ø³ØªÙ‚Ø¨Ø§Ù„ Ù„Ù‚Ø·Ø§Øª Ù…Ù† Ø§Ù„ÙÙŠØ¯ÙŠÙˆ Ø³ÙˆØ§Ø¡ ÙƒØ§Ù†Øª Ø¨Ø« Ù…Ø¨Ø§Ø´Ø± Ø£Ùˆ ØºÙŠØ± Ù…Ø¨Ø§Ø´Ø± Ø¨Ø§Ù„Ø¥Ø¶Ø§ÙØ© Ø¥Ù„ÙŠ Ø°Ù„Ùƒ Ø³ÙˆÙ ÙŠØ±ÙˆØ§ ÙƒÙ„ Ø§Ù„ÙÙŠØ¯ÙŠÙˆÙ‡Ø§Øª Ø§Ù„Ø³Ø§Ø¨Ù‚Ø© Ø§Ù„Ø­ÙŠØ© ÙˆØºÙŠØ± Ø§Ù„Ø­ÙŠØ© .\n5-  Ø¨Ø¹Ø¯ Ø¹Ù…Ù„ ÙÙŠØ¯ÙŠÙˆ Ø§Ù„Ø¨Ø« Ø§Ù„Ù…Ø¨Ø§Ø´Ø±  ØªØªÙ…ÙƒÙ† Ù…Ù†  Ù†Ø´Ø± Ø§Ù„ÙÙŠØ¯ÙŠÙˆ  :\nØ¨Ø¹Ø¯ Ø§Ù„Ø¥Ù†ØªÙ‡Ø§Ø¡ Ù…Ù†  Ø§Ù„Ø¨Ø« Ø§Ù„Ù…Ø¨Ø§Ø´Ø± ÙŠÙ…ÙƒÙ†Ùƒ Ø§Ù„Ø¢Ù† Ù†Ø´Ø± Ù‡Ø°Ø§ Ø§Ù„ÙÙŠØ¯ÙŠÙˆ Ø¹Ù„Ù‰ ØµÙØ­Ø§Øª Ù…ØªØ¹Ø¯Ø¯Ø© ÙÙŠ ÙˆÙ‚Øª ÙˆØ§Ø­Ø¯ Ù‚Ø¨Ù„ Ù‡Ø°Ø§ Ø§Ù„ØªØ­Ø¯ÙŠØ« ÙƒÙ†Øª ØªØªÙ…ÙƒÙ† ÙÙ‚Ø· Ù…Ù† ØªØ­Ù…ÙŠÙ„ Ø§Ù„ÙÙŠØ¯ÙŠÙˆ Ù„Ù„ØµÙØ­Ø§Øª Ø§Ù„ØªÙŠ ÙÙŠÙ‡Ø§ Ø£Ø¯Ù…Ù† .\n6-  ØªØ­Ù„ÙŠÙ„ Ø§Ù„ÙÙŠØ¯ÙŠÙˆ Ù„ÙƒÙ„ Ø§ÙƒÙˆÙ†Øª  :\nØ§Ù„Ø´Ø®ØµÙŠØ§Øª Ø§Ù„Ø¹Ø§Ù…Ø© Ù…Ø«Ù„ Ø§Ù„Ù…Ù…Ø«Ù„ÙŠÙ† ØŒ Ø§Ù„ØµØ­ÙÙŠÙŠÙ† ÙˆØ§Ù„Ø³ÙŠØ§Ø³ÙŠÙŠÙ†  Ù„Ø¯ÙŠÙ‡Ù…  Ø£ÙƒØ«Ø± Ù…Ù† 5000 Ù…ÙØªØ§Ø¨Ø¹  ÙˆÙ‡Ù†Ø§ Ù†Ø³ØªØ·ÙŠØ¹ Ù…Ù† Ø§Ù„Ø¯Ø®ÙˆÙ„ Ø¥Ù„Ù‰ Ù…Ù‚Ø§ÙŠÙŠØ³ Ø¬Ø¯ÙŠØ¯Ø©Ø©  Ù„ÙƒÙ„Ø§Ù‹ Ù…Ù† ÙÙŠØ¯ÙŠÙˆ Ø§Ù„Ø¨Ø« Ø§Ù„Ù…Ø¨Ø§Ø´Ø± ÙˆÙÙŠØ¯ÙŠÙˆ Ù†Ù‚ÙˆÙ… Ø¨ØªØ­Ù…ÙŠÙ„Ù‡ ÙˆÙÙŠ Ø§Ù„Ø£Ø³Ø§Ø¨ÙŠØ¹ Ø§Ù„Ù…Ù‚Ø¨Ù„Ø© ØªØ­Ù„ÙŠÙ„ Ø§Ù„ÙÙŠØ¯ÙŠÙˆ Ù„ÙƒÙ„ Ø§ÙƒÙˆÙ†Øª ÙŠØ´Ù…Ù„ Ø§Ù„Ø¢ØªÙŠ :\n1-  Ù…Ø¬Ù…ÙˆØ¹ Ø¯Ù‚Ø§Ø¦Ù‚ Ø§Ù„Ù…Ø´Ø§Ù‡Ø¯Ø§Øª .\n2-  Ù…Ø¬Ù…ÙˆØ¹ Ø¹Ø¯Ø¯ Ø§Ù„Ù…Ø´Ø§Ù‡Ø¯Ø§Øª.\n3-  Ù…Ø¬Ù…ÙˆØ¹ Ø§Ù„Ù…Ø´Ø§Ø±ÙƒØ§Øª (Ø§Ù„Ø§ÙŠÙƒØŒ Ø§Ù„ØªØ¹Ù„ÙŠÙ‚Ø§ØªØŒ Ø§Ù„Ø´ÙŠØ±). \nØªØ§Ø¨Ø¹ÙˆÙ†Ø§ Ø¹Ù„Ù‰ ØµÙØ­Ø© #Ø¨Ø§Ù„Ø¹Ø±Ø¨ÙŠ_Digital_Marketing,https://www.facebook.com/DigitalMarketing.Araby/photos/a.1024968727526584.1073741828.1020125601344230/1328010837222370/?type=3,4,0,4,5
1020125601344230_1318844594805661,Digital Marketing Ø¨Ø§Ù„Ø¹Ø±Ø¨ÙŠ,26636,Ø¥Ù†Ø³ØªØ¬Ø±Ø§Ù…  ØªØ®ØªØ¨Ø± Ø¥Ø¶Ø§ÙØ© Ø®Ø§ØµÙŠØ© Ø§Ù„Ø¥Ø¹Ù„Ø§Ù† Ø§Ù„Ù…Ø¯ÙÙˆØ¹ Ø¹Ù„Ù‰ Ù…Ø­ØªÙˆÙ‰ Ø§Ù„Ù€ Stories\n \nØ¨Ø¹Ø¯ Ø¥Ø¹Ù„Ø§Ù† Ø§Ù„ÙÙŠØ³Ø¨ÙˆÙƒ Ù…Ù† Ø¥Ù…ÙƒØ§Ù†ÙŠØ© Ø¹Ù…Ù„ Ø§Ø¹Ù„Ø§Ù†Ø§Øª Ù…Ø¯ÙÙˆØ¹Ø© Ø¹Ù„Ù‰ Ø§Ù„ÙÙŠØ¯ÙŠÙˆ Ø§Ù„Ø°ÙŠ ÙŠØ­ØªÙˆÙŠ Ø¹Ù„Ù‰ 90 Ø«Ø§Ù†ÙŠØ© Ø£Ùˆ Ø£ÙƒØ«Ø± ØªÙ… Ø§Ù„Ø¥Ø¹Ù„Ø§Ù† Ø¨Ø£Ù† Ø§Ù†Ø³ØªØ¬Ø±Ø§Ù… Ù‚Ø§Ù…Øª Ø¨Ø¥Ø¶Ø§ÙØ© Ø®Ø§ØµÙŠØ© Ø¬Ø¯ÙŠØ¯Ø© ÙˆÙ‡ÙŠ Ø¹Ù…Ù„ Ø§Ø¹Ù„Ø§Ù†Ø§Øª Ù…Ø¯ÙÙˆØ¹Ø© Ø¹Ù„Ù‰ Ù…Ø­ØªÙˆÙ‰ Ø§Ù„Ù€Ù€ Stories\nØªØ¸Ù‡Ø± ÙˆØ­Ø¯Ø§Øª Ù…Ù† Ù…Ø­ØªÙˆÙ‰ Ø§Ù„Ù€Ù€ stories Ø§Ù„Ø¬Ø¯ÙŠØ¯Ø©  Ø§Ù„ØªÙŠ Ø¹Ù„ÙŠÙ‡Ø§ Ø¥Ø¹Ù„Ø§Ù† Ù…Ø¯ÙÙˆØ¹  Ø¶Ù…Ù† Ù…Ø­ØªÙˆÙ‰ Ø§Ù„Ù€Ù€ Stories  Ø§Ù„ØºÙŠØ± Ø§Ù„Ù…Ø¯ÙÙˆØ¹  Ù…Ø¹ Ù…ÙØ´Ø§Ù‡Ø¯ØªÙƒ Ù„ÙƒÙ„ Stories  ÙˆØ§Ù„Ø§Ù†ØªÙ‚Ø§Ù„ Ø¨ÙŠÙ†Ù‡Ù…Ø§ ÙÙŠØ¸Ù‡Ø± Ø§Ù„Ø§Ø¹Ù„Ø§Ù† ÙÙŠ Ø§Ù„Ù…Ù†ØªØµÙ ÙˆØ¹Ù„ÙŠÙ‡ Ø¹Ù„Ø§Ù…Ø©  Sponsored Ø£Ùˆ ØªØ¸Ù‡Ø± Ù‡Ø°Ù‡ Ø§Ù„Ø¹Ù„Ø§Ù…Ø© Ø£Ø«Ù†Ø§Ø¡ ØªØ´ØºÙŠÙ„Ù‡ .\nØ³Ù†Ø§Ø¨ Ø´Ø§Øª Ù‚Ø§Ù… Ø¨ØªÙ‚Ø¯ÙŠÙ…  Ù†ÙØ³ Ø§Ù„Ø®Ø§ØµÙŠØ©  ÙˆÙ„ÙƒÙ† Ø§Ù†Ø³ØªØ¬Ø±Ø§Ù… Ù‚Ø¯Ù…Ù‡Ø§ Ù…Ø¹ Ø¨Ø¹Ø¶ Ø§Ù„Ø§Ø®ØªÙ„Ø§ÙØ§Øª Ø§Ù„Ø·ÙÙŠÙØ© ÙˆØ¹Ù†Ø¯ Ø§Ù„Ù‚ÙŠØ§Ù… Ø¨Ø¹Ù…Ù„ Ù…ÙÙ‚Ø§Ø±Ù†Ø© ØµØºÙŠØ±Ø© Ø³ÙˆÙ Ù†Ø¬Ø¯ Ø£Ù† Ø§Ù„Ø¥Ø¹Ù„Ø§Ù†Ø§Øª Ø§Ù„Ù…Ø¯ÙÙˆØ¹Ø© ÙÙŠ Ø³Ù†Ø§Ø¨ Ø´Ø§Øª ÙƒØ§Ù†Øª Ù…ÙØ¬Ø±Ø¯ Ø§Ø®ØªØ¨Ø§Ø± Ø¨ÙŠÙ† Ø§Ù„Ù€Ù€ Stories ÙˆÙÙŠ Ø£ÙƒØªÙˆØ¨Ø± Ø§Ù„Ù…Ø§Ø¶ÙŠ ØªÙ… Ø¥Ø²Ø§Ù„Ø© Ù‡Ø°Ù‡ Ø§Ù„Ø®Ø§ØµÙŠØ©  ÙˆÙ„Ù… ØªÙƒÙ† Ù…ØªÙˆÙØ± Ø§Ù„Ø¢Ù† Ø¹Ù„Ù‰ Ø³Ù†Ø§Ø¨ Ø´Ø§Øª.\nØ®Ø§ØµÙŠØ© Ø§Ù„Ø¥Ø¹Ù„Ø§Ù† Ø§Ù„Ù…Ø¯ÙÙˆØ¹ Ø¹Ù„Ù‰ Ø§Ù„Ù€Ù€  Stories Ù„ÙŠØ³Øª Ù…ÙØ§Ø¬Ø£Ø©  Ù„Ø£Ù†Ù‡Ø§ Ø¨Ø§Ù„ÙØ¹Ù„ Ù‡ÙŠ Ø¬Ø²Ø¡ Ù…Ù† Ø§Ø³ØªØ±Ø§ØªÙŠØ¬ÙŠØ© Ù…Ø§Ø±Ùƒ ÙˆØªØ·Ø¨ÙŠÙ‚ Ø§Ù†Ø³ØªØ¬Ø±Ø§Ù… ÙŠØªØªØ¨Ø¹ Ù†ÙØ³ Ù†Ù‡Ø¬ Ø§Ù„ÙÙŠØ³Ø¨ÙˆÙƒ ÙÙŠ Ø§Ù„Ù…ÙØ´Ø§Ø±ÙƒØ© Ù„ØªØ­Ù‚ÙŠÙ‚ Ø§Ù„Ø¯Ø®Ù„ Ù…Ù†Ù‡ ÙÙŠ Ø§Ù„Ø«Ù„Ø§Ø«Ø© Ù…Ø±Ø§Ø­Ù„ Ø§Ù„ØªØ§Ù„ÙŠØ© :\n1- Ø¨Ù†Ø§Ø¡ Ø§Ù„Ù…Ù†ØªØ¬Ø§Øª Ø§Ù„Ø°ÙŠ ÙŠØ­Ø¨ÙˆØ§ Ø§Ù„Ù…Ø³ØªØ®Ø¯Ù…\n2- ØªØ³Ù‡ÙŠÙ„  ÙˆØµÙˆÙ„ Ø§Ù„Ù…Ø­ØªÙˆÙ‰ Ø§Ù„Ù€organic   Ø£ÙŠ Ø§Ù„Ù…Ø­ØªÙˆÙ‰ Ø§Ù„ØºÙŠØ± Ù…Ø¯ÙÙˆØ¹ Ø¹Ù„ÙŠÙ‡ Ø¥Ø¹Ù„Ø§Ù†Ø§Øª.\n3-    Ø¨ÙŠÙˆÙØ± Ø§Ø®ØªÙŠØ§Ø±Ø§Øª ÙÙŠ Ø¹Ù…Ù„ÙŠØ© Ø§Ù„Ø¥Ø¹Ù„Ø§Ù†Ø§Øª Ø§Ù„Ù…Ø¯ÙÙˆØ¹Ø© Ù„ØªØªÙˆØ³Ø¹ Ø§Ù„Ø´Ø±ÙƒØ© ÙˆØªØµÙ„ Ø¥Ù„ÙŠ Ø£ÙƒØ¨Ø± Ø´Ø±ÙŠØ­Ø©.\n60% Ù…Ù† Ù…ÙØ³ØªØ®Ø¯Ù…ÙŠÙ† Ø§Ù†Ø³ØªØ¬Ø±Ø§Ù… ÙŠØ³ØªØ®Ø¯Ù…ÙˆØ§ Ø§Ù„ØªØ·Ø¨ÙŠÙ‚ Ù„Ø±Ø¤ÙŠØ© Ø§Ù„Ù…Ù†ØªØ¬Ø§Øª ÙˆØ§Ù„Ø®Ø¯Ù…Ø§Øª Ù…ØªÙˆÙ‚Ø¹ÙŠÙ† Ø£Ù† Ø§Ù„ØªØ·Ø¨ÙŠÙ‚ ÙŠØ²ÙŠØ¯  Ø¥Ù„ÙŠ 2.81 Ø¨Ù„ÙŠÙˆÙ† Ø¯ÙˆÙ„Ø§Ø± ÙÙŠ Ø¥ÙŠØ±Ø§Ø¯Ø§Øª Ù‡Ø°Ø§ Ø§Ù„Ø¹Ø§Ù… Ø¨Ø¹Ø¯Ù…Ø§ Ø£ØµØ¨Ø­ ÙÙŠ Ø¹Ø§Ù… 2015 600 Ù…Ù„ÙŠÙˆÙ† Ø¯ÙˆÙ„Ø§Ø± ÙˆØ³ÙˆÙ ÙŠØªÙ… Ø§Ù„ØªØ±ÙƒÙŠØ² Ø¹Ù„Ù‰ Ø§Ù„Ø§Ø®ØªÙŠØ§Ø±Ø§Øª ÙˆØ§Ù„Ø£Ø¯ÙˆØ§Øª Ø§Ù„Ø¥Ø¹Ù„Ø§Ù†ÙŠØ© Ø§Ù„Ø¬Ø¯ÙŠØ¯Ø© Ø§Ù„ØªÙŠ ØªØ¬Ø¹Ù„Ùƒ ØªÙØ´Ø¹Ø± Ø¨Ø£Ù† Ù„Ù… ÙŠÙ†Ù‚ØµÙƒ Ø£ÙŠ Ø´ÙŠØ¡ ÙÙŠ Ù‡Ø°Ø§ Ø§Ù„ØªØ·Ø¨ÙŠÙ‚.\nÙŠØªØ­ÙˆÙ„ Ø§Ù†Ø³ØªØ¬Ø±Ø§Ù… Ø¥Ù„ÙŠ Ø§Ù„ØªÙˆØ³Ø¹ Ù…Ù† Ø®Ù„Ø§Ù„ Ø§Ù„ØªØ·ÙˆØ±Ø§Øª Ø§Ù„ØªÙŠ ÙŠÙ‚ÙˆÙ… Ø¨Ø¥Ø¶Ø§ÙØªÙ‡Ø§ ÙÙŠ Ø§Ù„Ø¥Ø¹Ù„Ø§Ù†Ø§Øª ÙˆØ¥Ø¯Ø®Ø§Ù„ ØªØ¹Ø¯ÙŠÙ„Ø§Øª Ø¹Ù„Ù‰ Ø­Ø³Ø§Ø¨Ø§Øª Ø§Ù„Ø´Ø±ÙƒØ§Øª Ø­ØªÙ‰ ØªÙƒÙˆÙ† Ù…ÙÙŠØ³Ø±Ø© Ù„Ù„Ù…ÙØ³ØªØ®Ø¯Ù…ÙŠÙ† ÙˆØ¨Ù‡Ø§ ÙƒØ§ÙØ© Ø§Ù„Ù…Ø¹Ù„ÙˆÙ…Ø§Øª Ø§Ù„ØªÙŠ ÙÙŠ Ø­Ø§Ø¬Ø© Ø¥Ù„ÙŠÙ‡Ø§ ÙˆØ¨Ø§Ù„ØªØ§Ù„ÙŠ ØªØ²ÙŠØ¯ Ù…Ù† Ù…Ø¨ÙŠØ¹Ø§Øª Ø§Ù„Ø´Ø±ÙƒØ§Øª.,https://www.facebook.com/DigitalMarketing.Araby/photos/a.1024968727526584.1073741828.1020125601344230/1318844594805661/?type=3,22,18,22,5
1020125601344230_1314256238597830,Digital Marketing Ø¨Ø§Ù„Ø¹Ø±Ø¨ÙŠ,26636,â˜»ØªØ¹Ù…Ù„ Ø¥Ù†Ø³ØªØ¬Ø±Ø§Ù… Ø¹Ù„Ù‰ Ø²ÙŠØ§Ø¯Ø© Ø§Ù„Ù…Ø¨ÙŠØ¹Ø§Øª ÙˆØ²ÙŠØ§Ø¯Ø© Ø¹Ø¯Ø¯ Ø§Ù„Ø²ÙŠØ§Ø±Ø§Øª Ø§Ù„Ù…ÙØ³ØªØ®Ø¯Ù…ÙŠÙ†\n\nâ—„ Ù…Ù† Ø¨Ø¯Ø§ÙŠØ© 2017 Ùˆ #Ø§Ù†Ø³ØªØ§Ø¬Ø±Ø§Ù… ØªØ¹Ù…Ù„ Ø¹Ù„Ù‰ Ø²ÙŠØ§Ø¯Ø© Ø¹Ø¯Ø¯ Ø§Ù„Ù…ÙØ³ØªØ®Ø¯Ù…ÙŠÙ† ÙˆØ²ÙŠØ§Ø¯Ø© Ø§Ù„ØªÙØ§Ø¹Ù„ Ù„ÙŠØ³ ÙÙ‚Ø· Ø¹Ù„Ù‰ Ù…Ø³ØªÙˆÙ‰ Ø§Ù„Ø­Ø³Ø§Ø¨ Ø§Ù„Ø´Ø®ØµÙŠ ÙˆØ¥Ù†Ù…Ø§ Ø£ÙŠØ¶Ø§Ù‹ Ø¹Ù„Ù‰ Ù…Ø³ØªÙˆÙ‰ #Ø§Ù„Ø¹Ù„Ø§Ù…Ø§Øª_Ø§Ù„ØªØ¬Ø§Ø±ÙŠØ© Ù„Ø²ÙŠØ§Ø¯Ø© #Ø§Ù„Ù…Ø¨ÙŠØ¹Ø§Øª ÙˆØ°Ù„Ùƒ Ù…Ù† Ø®Ù„Ø§Ù„ Ø§Ø®ØªØ¨Ø§Ø±Ù‡Ø§ Ù„Ø·Ø±ÙŠÙ‚Ø© Ø¬Ø¯ÙŠØ¯Ø© Ù„Ø§Ù‚ØªØ±Ø§Ø­ ØµÙˆØ± Ù…ÙÙ…Ø§Ø«Ù„Ø© Ù„Ù„Ø­Ø³Ø§Ø¨Ø§Øª Ø§Ù„ØªÙŠ ØªÙ‚ÙˆÙ… Ø¨Ù…ÙØªØ§Ø¨Ø¹ØªÙ‡Ø§ ÙˆÙ…Ù† Ø®Ù„Ø§Ù„ Ø£Ø¯Ø§Ø© Ø§Ù„ØªØ³ÙˆÙŠÙ‚ Ø§Ù„Ø¬Ø¯ÙŠØ¯Ø© #Yotpo  Ø§Ù„Ø°ÙŠ Ù†Ù‚ÙˆÙ… Ø¨Ø´Ø±Ø­Ù‡Ø§ ÙÙŠ Ù‡Ø°Ù‡ Ø§Ù„Ù…Ù‚Ø§Ù„Ø© .\n\nâ˜š Ø§Ù„Ø¢Ù† #Ø¥Ù†Ø³ØªØ¬Ø±Ø§Ù… ØªØ®ØªØ¨Ø± Ø·Ø±ÙŠÙ‚Ø© Ø¬Ø¯ÙŠØ¯Ø© Ù„Ø§Ù‚ØªØ±Ø§Ø­ ØµÙˆØ± Ù…ÙØªÙ…Ø§Ø«Ù„Ø© :\nØ¨Ø§Ø³ØªÙ…Ø±Ø§Ø± Ø§Ù†Ø³ØªØ§Ø¬Ø±Ø§Ù… ØªØ¹Ù…Ù„ Ø£ÙØ¶Ù„ Ø·ÙØ±Ù‚ Ù„Ù†Ù…Ùˆ Ø§Ù„Ù…Ø¬ØªÙ…Ø¹ ÙˆÙ‡Ø°Ø§ ÙŠØ³Ø§Ø¹Ø¯ Ø§Ù„Ù…ÙØ³ØªØ®Ø¯Ù…ÙŠÙ† Ù„Ø§Ø³ØªÙƒØ´Ø§Ù Ù…Ø­ØªÙˆÙ‰ Ø¬Ø¯ÙŠØ¯ Ù…ÙÙ…Ø§Ø«Ù„ Ù„Ø£Ø°ÙˆØ§Ù‚Ù‡Ù… ÙˆØ§Ù„Ø¢Ù† Ø¥Ù†Ø³ØªØ¬Ø±Ø§Ù… ØªØ®ØªØ¨Ø± Ø­Ø§Ù„ÙŠØ§Ù‹ Ø·Ø±ÙŠÙ‚Ø© Ø¬Ø¯ÙŠØ¯Ø©  Ù„Ø§Ù‚ØªØ±Ø§Ø­ ØµÙˆØ± Ù…ÙÙ…Ø§Ø«Ù„Ø© Ù„Ù„Ø­Ø³Ø§Ø¨Ø§Øª Ø§Ù„ØªÙŠ ØªÙ‚ÙˆÙ… Ø¨Ù…ÙØªØ§Ø¨Ø¹ØªÙ‡Ø§.\nØ§ÙƒØªØ´Ø§Ù Ø§Ù„Ù…Ø­ØªÙˆÙ‰ ÙŠÙƒÙˆÙ† Ø¯Ø§Ø¦Ù…Ø§ Ø£ÙØ¶Ù„ Ø·Ø±ÙŠÙ‚Ø© Ù„Ø¬Ø°Ø¨ Ø§Ù†ØªØ¨Ø§Ù‡ Ø§Ù„Ù…ÙØ³ØªØ®Ø¯Ù…ÙŠÙ† Ù…Ù† Ø§Ù„Ù…Ø¹Ø±ÙˆÙ Ø£Ù† Ø§Ù„ÙÙŠØ³Ø¨ÙˆÙƒ Ù‡Ùˆ Ø§Ù„Ù…Ù„Ùƒ ÙˆÙ„ÙƒÙ† ÙÙŠ Ø§Ù„Ø¢ÙˆÙ†Ø© Ø§Ù„Ø£Ø®ÙŠØ±Ø© Ø§Ù†Ø³ØªØ¬Ø±Ø§Ù… ÙŠØ¹Ù…Ù„ Ø¬Ø§Ù‡Ø¯Ø§Ù‹ Ø¹Ù„Ù‰ ØªØ­Ø³ÙŠÙ† Ø§Ù„ØªØ·Ø¨ÙŠÙ‚ ÙˆØ°Ù„Ùƒ Ù…Ù† Ø®Ù„Ø§Ù„ Explore Tab .\nâ™• Ø§ÙƒØªØ´Ø§Ù #Ø§Ù„Ù…Ø­ØªÙˆÙ‰ ÙŠÙƒÙˆÙ† Ø¯Ø§Ø¦Ù…Ø§ Ø£ÙØ¶Ù„ Ø·Ø±ÙŠÙ‚Ø© Ù„Ø¬Ø°Ø¨ Ø§Ù†ØªØ¨Ø§Ù‡ Ø§Ù„Ù…ÙØ³ØªØ®Ø¯Ù…ÙŠÙ† Ù…Ù† Ø§Ù„Ù…Ø¹Ø±ÙˆÙ Ø£Ù† #Ø§Ù„ÙÙŠØ³Ø¨ÙˆÙƒ Ù‡Ùˆ Ø§Ù„Ù…Ù„Ùƒ ÙˆÙ„ÙƒÙ† ÙÙŠ Ø§Ù„Ø¢ÙˆÙ†Ø© Ø§Ù„Ø£Ø®ÙŠØ±Ø© Ø§Ù†Ø³ØªØ§Ø¬Ø±Ø§Ù… ÙŠØ¹Ù…Ù„ Ø¬Ø§Ù‡Ø¯Ø§Ù‹ Ø¹Ù„Ù‰ ØªØ­Ø³ÙŠÙ† Ø§Ù„ØªØ·Ø¨ÙŠÙ‚ ÙˆØ°Ù„Ùƒ Ù…Ù† Ø®Ù„Ø§Ù„ Explore Tab .\nÙ‚Ø§Ù… Ø§Ù„Ø¥Ø³ØªØ±Ø§ØªÙŠØ¬ÙŠ Ø§Ù„Ø¥Ø¨Ø¯Ø§Ø¹ÙŠ Ø§Ù„ØªÙ†ÙÙŠØ°ÙŠ  Laurent Francois Ø¨ÙƒØªØ§Ø¨Ø© Tweet  ÙŠØ´Ø±Ø­ Ù…Ù† Ø®Ù„Ø§Ù„Ù‡Ø§ ÙƒÙŠÙ ØªÙƒÙˆÙ† Ù‡Ø°Ù‡ Ø§Ù„Ø®Ø§ØµÙŠØ© Ø§Ù„Ø¬Ø¯ÙŠØ¯Ø© Ø®Ø·ÙˆØ© Ø±Ø§Ø¦Ø¹Ø© Ùˆ ÙƒØ¨ÙŠØ±Ø© Ø¥Ù„ÙŠ Ø§Ù„Ø£Ù…Ø§Ù… ÙˆØ³ÙˆÙ ÙŠØ³ØªÙÙŠØ¯ Ø¨Ù‡Ø§ Ø§Ù„Ù…Ø³ÙˆÙ‚ÙŠÙ† ÙˆØ§Ù„Ø¹Ù„Ø§Ù…Ø§Øª Ø§Ù„ØªØ¬Ø§Ø±ÙŠØ© .\nØ§Ù„Ù…Ø­ØªÙˆÙ‰ Ø§Ù„Ø¬Ø¯ÙŠØ¯ Ø³ÙˆÙ ÙŠÙƒÙˆÙ† Ø±Ø§Ø¦Ø¹ Ø¬Ø¯Ø§Ù‹ Ù„Ø£Ù†Ù‡ Ø³ÙˆÙ ÙŠØ³Ø§Ø¹Ø¯ Ø§Ù„Ù…ÙØ³ØªØ®Ø¯Ù…ÙŠÙ† Ù„Ø§ÙƒØªØ´Ø§Ù Ø§Ù„Ù…Ø²ÙŠØ¯ Ù…Ù† Ø§Ù„Ø­Ø³Ø§Ø¨Ø§Øª ÙˆØ³ÙˆÙ ØªÙƒÙˆÙ† Ù‡Ø°Ù‡ Ø£Ø¯Ø§Ø©  Ø£Ø³Ø§Ø³ÙŠØ© Ù„Ù„Ø¹Ù„Ø§Ù…Ø§Øª Ø§Ù„ØªØ¬Ø§Ø±ÙŠØ© ØªØ¨Ø­Ø« Ø¹Ù† Ø§Ù„Ù…Ø²ÙŠØ¯ Ù…Ù† Ø§Ù„Ù…Ù†Ø§ÙØ³ÙŠÙ† Ù„Ù‡Ù… \n\nâ˜ƒ ØªØ§Ø¨Ø¹Ù†Ø§ Ù„Ù…Ø¹Ø±ÙØ© ÙƒÙ„ Ø§Ù„ØªØ­Ø¯ÙŠØ«Ø§Øª Ø§Ù„ØªÙŠ ØªØªÙ… Ø¹Ù„Ù‰ ØªØ·Ø¨ÙŠÙ‚ Ø§Ù†Ø³ØªØ¬Ø±Ø§Ù… Ù„ØªØ³ØªØºÙ„Ù‡Ø§ ÙÙŠ Ø²ÙŠØ§Ø¯Ø© Ù…Ø¨ÙŠØ¹Ø§Øª Ù…ÙÙ†ØªØ¬Ùƒ.\n\n#Digital_Marketing_Ø¨Ø§Ù„Ø¹Ø±Ø¨ÙŠ,https://www.facebook.com/DigitalMarketing.Araby/photos/a.1024968727526584.1073741828.1020125601344230/1314256238597830/?type=3,19,15,20,5
1020125601344230_1310822425607878,Digital Marketing Ø¨Ø§Ù„Ø¹Ø±Ø¨ÙŠ,26636,â‚ Ø§Ù„Ø¨Ø±Ø§Ù†Ø¯Ø§Øª Ø§Ù„ØªØ¬Ø§Ø±ÙŠØ© ØªÙÙØ¶Ù„ Ø§Ø³ØªØ®Ø¯Ù… Ø³Ù†Ø§Ø¨ Ø´Ø§Øª ÙˆÙ„Ø§ Ø§Ù†Ø³ØªØ§Ø¬Ø±Ø§Ù… ØŸ\nØ£ØºÙ„Ø¨Ù†Ø§ Ø¹Ø±Ù Ø£Ù† #Ø§Ù†Ø³ØªØ§Ø¬Ø±Ø§Ù… ÙÙŠ 2016 Ø£Ø®Ø° Ø£ØºÙ„Ø¨ Ø§Ù„Ù€Ù€ Features  Ø§Ù„Ù„ÙŠ Ù…ÙˆØ¬ÙˆØ¯Ø© Ø¹Ù„Ù‰\n#Ø³Ù†Ø§Ø¨_Ø´Ø§Øª ÙƒÙˆØ¨ÙŠ ÙˆØ¨Ø³ÙŠØª ÙˆØ¶Ø§Ù Ø¹Ù„ÙŠÙ‡Ø§ Ù…ÙÙ…ÙŠØ²Ø§Øª ØªØ§Ù†ÙŠØ© ÙˆÙ„ÙƒÙ† Ø¨ØºØ¶ Ø§Ù„Ù†Ø¸Ø± Ø¹Ù† ØªØ´Ø§Ø¨Ù‡ Ø§Ù„Ù€ Platforms  Ø¨Ø´ÙƒÙ„ Ù…Ø´ Ù…Ø¹Ù‚ÙˆÙ„ ÙˆÙ„ÙƒÙ† Ø¨Ø§Ù„Ù†Ø³Ø¨Ø© Ù„Ø±Ø¬Ø§Ù„ Ø§Ù„Ø£Ø¹Ù…Ø§Ù„ ÙˆØ§Ù„Ù…ÙˆØ¸ÙÙŠÙ† Ø§Ù„Ù…ÙØ­ØªØ±ÙÙŠÙ† ÙÙŠ Ù…Ø¬Ø§Ù„ #Ø§Ù„Ø³ÙˆØ´ÙŠØ§Ù„_Ù…ÙŠØ¯ÙŠØ§  Ø¨ÙŠØ³Ø£Ù„Ùˆ Ø§ÙŠÙ‡ Ø§Ù„Ø§ÙØ¶Ù„ Ù„Ù‡Ù… Ù„Ù„Ø¹Ù…Ù„ Ø¨Ù‡ ØŸØŸ\n\nÙ‡Ù†Ø§ Ù‡Ù†ØªÙƒÙ„Ù… Ø¹Ù† Ø¹Ø¯Ø¯ Ù…Ù† Ø§Ù„Ø¹ÙˆØ§Ù…Ù„ Ø§Ù„Ù„ÙŠ ØªØ³Ø§Ø¹Ø¯Ùƒ Ø¹Ù„Ù‰ Ø§Ø®ØªÙŠØ§Ø± Ø§Ù„Ø£ÙØ¶Ù„ Ù„Ùƒ :\n\nâ—         Ø§Ù„Ø­Ø¬Ù… ÙˆØ§Ù„Ù†Ù…Ùˆ ÙˆØ§Ù„ØªÙØ§Ø¹Ù„ :\nØ³Ù†Ø§Ø¨ Ø´Ø§Øª Ø¹Ù†Ø¯Ù‡ Ø£ÙƒØªØ± Ù…Ù† 150 Ù…Ù„ÙŠÙˆÙ† Ù…ÙØ³ØªØ®Ø¯Ù… Ù†Ø´Ø· ÙŠÙˆÙ…ÙŠØ§Ù‹ ØŒ Ø¹Ù†Ø¯Ù‡ Ø£ÙƒØªØ± Ù…Ù† 10 Ù…Ù„ÙŠØ§Ø± Ù…ÙØ´Ø§Ù‡Ø¯Ø§Øª ÙÙŠØ¯ÙŠÙˆ ÙŠÙˆÙ…ÙŠØ© ÙˆÙÙŠ Ø§Ù„Ù†Ù‚Ø·Ø© Ø¯ÙŠ Ù†Ù‚Ø¯Ø± Ù†Ù‚Ø§Ø±Ù†Ù‡ Ù…Ø¹ Ø§Ù„ÙÙŠØ³Ø¨ÙˆÙƒ Ù„Ø£Ù† Ø¹Ø¯Ø¯ Ù…ÙØ´Ø§Ù‡Ø¯Ø§Øª Ø§Ù„ÙÙŠØ¯ÙŠÙˆ 10 Ø§Ø¶Ø¹Ø§Ù Ø³Ù†Ø§Ø¨ Ø´Ø§Øª.\nØ§Ù†Ø³ØªØ§Ø¬Ø±Ø§Ù… ÙŠÙ†Ù…Ùˆ Ø¨Ø³Ø±Ø¹Ø© Ø®ØµÙˆØµØ§Ù‹ ÙÙŠ Ø¢Ø®Ø± 6 Ø´Ù‡ÙˆØ± Ø¥Ù„ÙŠ Ø£ÙƒØªØ± Ù…Ù† 100 Ù…Ù„ÙŠÙˆÙ† Ù…ÙØ³ØªØ®Ø¯Ù… ÙˆØ¨Ù‚Ù‰ Ø¹Ù†Ø¯Ù‡ Ø£ÙƒØªØ± Ù…Ù† 600 Ù…Ù„ÙŠÙˆÙ† Ù…ÙØ³ØªØ®Ø¯Ù… Ù†Ø´Ø· ÙŠÙˆÙ…ÙŠØ§Ù‹ ÙˆÙ…Ù†Ù‡Ù… 300  Ø¨ÙŠØ³Ø¬Ù„ÙˆØ§ Ù„Ù„Ø¯Ø®ÙˆÙ„ ÙŠÙˆÙ…ÙŠØ§Ù‹.\nØ¥Ø°Ù† Ù†Ø³ØªÙ†ØªØ¬ Ù…Ù† Ø£ÙˆÙ„ Ø¹Ø§Ù…Ù„ ÙÙŠ Ø§Ù„Ù…ÙÙ‚Ø§Ø±Ù†Ø© Ø£Ù† Ø§Ù†Ø³ØªØ§Ø¬Ø±Ø§Ù… Ø§Ù„Ù„ÙŠ ÙŠÙƒØ³Ø¨ Ø¨Ø³Ø¨Ø¨ Ø§Ø³ØªÙ…Ø±Ø§Ø±Ù‡ Ø­ØªÙ‰ Ø§Ù„Ø¢Ù† ÙÙŠ Ù†Ù…ÙˆÙ‡ Ø§Ù„Ø³Ø±ÙŠØ¹ ÙˆØ¹Ù„ÙŠÙ‡ Ø£ÙƒØ¨Ø± Ù‚Ø¯Ø± Ù…Ù† Ø§Ù„ØªÙØ§Ø¹Ù„ Ø¹Ù† Ø£ÙŠ Platform ØªØ§Ù†ÙŠØ© .\nØ§ÙŠÙ‡ Ø§Ù„Ù€Ù€ Platform  Ø§Ù„Ø£ÙØ¶Ù„ Ø¹Ù†Ø¯ Ø§Ù„Ù…ÙØ³ØªØ®Ø¯Ù…ÙŠÙ† :\nØ³Ù†Ø§Ø¨ Ø´Ø§Øª ÙˆØ§Ù†Ø³ØªØ§Ø¬Ø±Ø§Ù… Ø£ÙƒØªØ± Ø§Ù„Ù…ÙØ³ØªØ®Ø¯Ù…ÙŠÙ† Ù‡Ù… Ø§Ù„Ø£ØµØºØ± ÙÙŠ Ø§Ù„Ø³Ù† ÙˆÙ„ÙƒÙ† Ø³Ù†Ø§Ø¨ Ø´Ø§Øª ÙÙŠ Ø§Ù„ÙØªØ±Ø© Ø§Ù„Ø£Ø®ÙŠØ±Ø© Ø¹Ù†Ø¯Ù‡ Ù…ÙØ³ØªØ®Ø¯Ù…ÙŠÙ† Ø£ÙƒØªØ± Ù…Ù† ÙƒØ¨Ø§Ø± Ø§Ù„Ø³Ù†ØŒ  86% Ù…Ù† Ø§Ù„Ù…ÙØ³ØªØ®Ø¯Ù…ÙŠÙ† Ø³Ù†Ù‡Ù… Ø£Ù‚Ù„ Ù…Ù† 34 Ø³Ù†Ø© ÙˆÙ…ÙÙ‚Ø§Ø±Ù†Ø§Ù‹ Ù…Ø¹ Ø§Ù†Ø³ØªØ§Ø¬Ø±Ø§Ù… Ù‡Ù†Ù„Ø§Ù‚ÙŠ Ø£Ù† 90% Ù…Ù† Ø§Ù„Ù…Ø³ØªØ®Ø¯Ù…ÙŠÙ† Ø³Ù†Ù‡Ù… Ø£Ù‚Ù„ Ù…Ù† 35 Ø³Ù†Ø© ÙˆÙ‡Ù… Ù…ÙØ³ØªØ®Ø¯Ù…ÙŠÙ† Ù…Ù„Ù‡ÙÙ…Ø´ ØªÙØ§Ø¹Ù„ Ù‚ÙˆÙŠØŒ ÙˆØ§Ù„Ø¯Ø±Ø§Ø³Ø© Ø§Ù„Ø­Ø¯ÙŠØ«Ø© Ù‚Ø§Ù„Øª Ø£Ù† 50% Ù…Ù†  Ù…ÙØ³ØªØ®Ø¯Ù…ÙŠ Ø³Ù†Ø§Ø¨ Ø´Ø§Øª Ø§ØªØ­ÙˆÙ„ÙˆØ§ Ø¥Ù„ÙŠ Ø§Ù†Ø³ØªØ§Ø¬Ø±Ø§Ù… Ø¨Ø¹Ø¯ Ø¢Ø®Ø± ØªØ­Ø¯ÙŠØ«Ø§Øª Ù„Ù‡ .\nÙ„ÙƒÙ† ÙÙŠ Ø§Ù„Ù†Ù‡Ø§ÙŠØ© Ø³Ù†Ø§Ø¨ Ø´Ø§Øª Ù‡Ùˆ Ø§Ù„Ø£ÙØ¶Ù„ Ø¹Ù† Ø§Ù†Ø³ØªØ§Ø¬Ø±Ø§Ù… Ù„Ù„Ù…ÙØ³ØªØ®Ø¯Ù…ÙŠÙ† Ø§Ù„Ø£ØµØºØ± ÙÙŠ Ø§Ù„Ø³Ù† Ø§Ù„Ù„ÙŠ Ø£Ø¹Ù…Ø§Ø±Ù‡Ù… ØªØªØ±Ø§ÙˆØ­ Ù…Ù† 12 â€“ 25 Ø³Ù†Ø© .\n \nâ—         ØªØ¬Ø±Ø¨Ø© Ø§Ù„Ù…ÙØ³ØªØ®Ø¯Ù… (User Experience)  :\nØ§Ù†Ø³ØªØ§Ø¬Ø±Ø§Ù… Ø£Ø®Ø¯ Ù…ÙÙ…ÙŠØ²Ø§Øª Ø³Ù†Ø§Ø¨ Ø´Ø§Øª ÙˆØ®Ù„Ù‡Ø§ Ø£ÙØ¶Ù„ ÙˆØ®ØµÙˆØµØ§Ù‹ Ø®Ø§ØµÙŠØ© Ø§Ù„Ù€ stories  ÙˆÙ‡ÙŠ Ù…Ù† Ø£Ø´Ù‡Ø± Ø§Ù„Ù…ÙÙ…ÙŠØ²Ø§Øª ÙÙƒØªÙŠØ± Ù…Ù† Ø§Ù„Ù…ÙØ³ØªØ®Ø¯Ù…ÙŠÙ† Ù…Ø´ Ø¨ÙŠØ³ØªØ®Ø¯Ù…ÙˆØ§ Ø³Ù†Ø§Ø¨ Ø´Ø§Øª Ø¨Ø³Ø¨Ø¨ Ø£Ù†Ù‡Ù… Ù…Ø¨ÙŠÙ‚Ø¯Ø±ÙˆØ´ ÙŠØ´ÙˆÙÙˆØ§ ÙƒÙ„ Ø§Ù„Ù€Ù€ Stories  Ø§Ù„Ù„ÙŠ Ø­ÙˆØ§Ù„ÙŠÙ‡Ù… ÙˆÙ„ÙƒÙ† Ù‡Ùˆ Ø£Ù…Ø± Ù…ÙØ±ÙŠØ¨ ÙˆÙ…ÙØ²Ø¹Ø¬ Ø£Ù† 150 Ù…Ù„ÙŠÙˆÙ† Ù…ÙØ³ØªØ®Ø¯Ù… Ù…Ø¶ÙŠÙ‚ÙŠÙ† Ù…Ù† Ø§Ù„Ø®Ø§ØµÙŠØ© Ø¯ÙŠ ÙˆØ¨ÙŠÙØ¶Ù„ÙˆØ§ Ø§Ù†Ø³ØªØ§Ø¬Ø±Ø§Ù… Ø£ÙƒØªØ± Ù…Ù† Ø³Ù†Ø§Ø¨ Ø´Ø§Øª.\nâ—         Ø§Ù„Ø¥Ø¹Ù„Ø§Ù†Ø§Øª Ø§Ù„Ù…Ø¯ÙÙˆØ¹Ø© :Ø§Ø¯Ø§Ù‹ Ù„Ø£Ù†Ù‡ Ø¹Ù„Ù‰ Ø§Ù„Ø±ØºÙ… Ù…Ù† Ø§Ù„Ù†Ù…Ùˆ Ø§Ù„Ø³Ø±ÙŠØ¹ Ù„Ø§Ù†Ø³ØªØ§Ø¬Ø±Ø§Ù… ÙÙ‡Ùˆ Ù„Ø­Ø¯ Ø¯Ù„ÙˆÙ‚ØªÙŠ ÙŠØ¬Ø°Ø¨ Ø§Ù„Ø¹Ø¯ÙŠØ¯ Ù…Ù† Ø§Ù„Ù…ÙØ³ØªØ®Ø¯Ù…ÙŠÙ† Ù„Ø§ÙƒØªØ´Ø§Ù Ù…Ø­ØªÙˆÙ‰  ÙˆØªÙØ§Ø¹Ù„ Ø¬Ø¯ÙŠØ¯ .\n \nâ—         Ø§Ù„Ø¥Ø¹Ù„Ø§Ù†Ø§Øª Ø§Ù„Ù…Ø¯ÙÙˆØ¹Ø© :\nØ³Ù†Ø§Ø¨ Ø´Ø§Øª Ø¨ÙŠÙ‚Ø¯Ù… Ø§Ø®ØªÙŠØ§Ø±Ø§Øª Ù…Ø­Ø¯ÙˆØ¯Ø© ÙÙŠ Ø¹Ù…Ù„ Ø§Ù„Ø¥Ø¹Ù„Ø§Ù†Ø§Øª Ø§Ù„Ù…Ø¯ÙÙˆØ¹Ø© ÙˆÙ…Ù„Ù‡ÙˆØ´ Platform  Ù„Ù„Ø¥Ø¹Ù„Ø§Ù†Ø§Øª Ø®Ø§ØµØ© Ø¨Ù‡ ÙˆØ¯Ù‡ Ø¹Ù„Ù‰ Ø¹ÙƒØ³ Ø§Ù†Ø³ØªØ§Ø¬Ø±Ø§Ù… ÙÙ‡Ùˆ Ù„Ù‡ Platform  Ù„Ù„Ø¥Ø¹Ù„Ø§Ù†Ø§Øª Ø®Ø§ØµØ© Ø¨Ù‡ Ù…Ù† Ø®Ù„Ø§Ù„ Ø§Ù„ÙÙŠØ³Ø¨ÙˆÙƒ ÙˆØ¹Ù†Ø¯Ù‡ Ø§Ø®ØªÙŠØ§Ø±Ø§Øª ÙƒØªÙŠØ±Ø© Ù„Ù„ÙˆØµÙˆÙ„ Ù„Ø£ÙƒØ¨Ø± Ø¹Ø¯Ø¯ Ù…Ù† Ø§Ù„Ø¬Ù…Ù‡ÙˆØ± Ù„Ù„ØªÙØ§Ø¹Ù„ Ù…Ø¹ Ø§Ù„Ø¨Ø±Ø§Ù†Ø¯ .\nâ—         Ø§Ù†Ø³ØªØ§Ø¬Ø±Ø§Ù… Ù„Ù‡ Ù…ÙŠØ²Ø© ÙØ±ÙŠØ¯Ø© ÙˆÙ…Ù‡Ù…Ø© ÙÙŠ Ø§Ù„Ø´ÙƒÙ„ Ù„Ùˆ ÙƒÙ†Øª Ù†Ø´Ø§Ø· ØªØ¬Ø§Ø±ÙŠ Ù…ÙÙ‚Ø§Ø±Ù†Ø§Ù‹ Ù…Ø¹ Ø³Ù†Ø§Ø¨ Ø´Ø§Øª Ù…Ù„Ù‡ÙˆØ´ Ø§Ù„Ù…ÙŠØ²Ø© Ø¯ÙŠ .\n \nÙÙŠ Ø§Ù„Ù†Ù‡Ø§ÙŠØ© Ø§Ù„Ø¨Ø±Ø§Ù†Ø¯Ø§Øª Ø§Ù„ØªØ¬Ø§Ø±ÙŠØ© ØªÙ‚Ø¯Ø± ØªØ³ØªØºÙ„ Ø§Ù„Ù…ÙÙ…ÙŠØ²Ø§Øª Ø§Ù„Ø±Ù‡ÙŠØ¨Ø© Ø¹Ù„Ù‰ Ø³Ù†Ø§Ø¨ Ø´Ø§Øª ÙˆÙ„ÙƒÙ† Ø³Ù†Ø§Ø¨ Ø´Ø§Øª Ù…ÙØ¹Ù‚Ø¯ Ù…Ù† Ø­ÙŠØ« UX ÙˆØ¹Ø´Ø§Ù† ÙƒØ¯Ù‡ Ù…ÙØ¹Ø¸Ù… Ø§Ù„Ø¨Ø±Ø§Ù†Ø¯Ø§Øª Ø§Ù„ØªØ¬Ø§Ø±ÙŠØ© Ø¨ÙŠÙØ¶Ù„ÙˆØ§ Ø§Ù†Ø³ØªØ§Ø¬Ø±Ø§Ù… Ù„Ø£Ù†  Platform Ø³Ù‡Ù„Ø© ÙÙŠ Ø§Ù„Ø§Ø³ØªØ®Ø¯Ø§Ù…ØŒ Ù„Ù‡Ø§ Ø´ÙƒÙ„ Ù…ÙØ³ØªÙ‚Ù„ Ù„Ùˆ ÙƒÙ†Øª Ù†Ø´Ø§Ø· ØªØ¬Ø§Ø±ÙŠ ÙˆÙ‚ÙˆÙŠ ÙÙŠ Ø§Ù„Ø§Ø¹Ù„Ø§Ù†Ø§Øª Ø§Ù„Ù…Ø¯ÙÙˆØ¹Ø©.\nØ§Ù†Øª Ù‡ØªÙØ¶Ù„ ØªØ³ØªØ®Ø¯Ù… Ø§ÙŠÙ‡ Ù…Ù†Ù‡Ù… ØŸ,https://www.facebook.com/DigitalMarketing.Araby/photos/a.1024968727526584.1073741828.1020125601344230/1310822425607878/?type=3,28,19,28,4
1020125601344230_1307665759256878,Digital Marketing Ø¨Ø§Ù„Ø¹Ø±Ø¨ÙŠ,26636,"Ø¥Ø²Ø§ÙŠ ØªÙ‚Ù†Ø¹ Ø¹Ù…Ù„Ø§Ø¦Ùƒ Ø¨Ø´Ø±Ø§Ø¡ Ù…Ù†ØªØ¬Ø§ØªÙƒØŸ\nÙ„Ùˆ Ø³Ø¦Ù„ØªÙƒ Ø¹Ù† Ø§Ù„Ø·Ø±Ù‚ Ø§Ù„Ù…Ø®ØªÙ„ÙØ© Ø§Ù„Ù„Ù‰ ØªÙ‚Ø¯Ø± ØªÙ‚Ù†Ø¹ Ø¨ÙŠÙ‡Ø§ Ø¹Ù…Ù„Ø§Ø¦Ùƒ Ù„Ø´Ø±Ø§Ø¡ Ø§Ù„Ù…Ù†ØªØ¬Ø§Øª Ø§Ù„Ø®Ø§ØµØ© Ø¨ÙŠÙƒ Ø£ÙƒÙŠØ¯ Ù‡ØªÙƒÙ„Ù…Ù†ÙŠ Ø¹Ù† Ø§Ù„Marketing ÙˆØ§Ù„ Social Media ÙˆØºÙŠØ±Ù‡Ø§ Ù…Ù† Ø§Ù„ÙˆØ³Ø§Ø¦Ù„ ÙˆØ§Ù„Ø£Ø¯ÙˆØ§Øª Ø§Ù„Ù…Ø®ØªÙ„ÙØ© Ø§Ù„Ù„Ù‰ Ø¨ØªØ³Ø§Ø¹Ø¯Ùƒ ÙÙŠ Ø¥Ù‚Ù†Ø§Ø¹ Ø¹Ù…Ù„Ø§Ø¦Ùƒ Ù„Ø´Ø±Ø§Ø¡ Ù…Ù†ØªØ¬Ø§ØªÙƒ ÙˆÙƒÙ„Ù‡Ø§ Ø·Ø±Ù‚ Ø³Ù„ÙŠÙ…Ø© ÙˆØµØ­ÙŠØ­Ø© 100% Ù„ÙƒÙ† Ù…Ù† Ø§Ù„Ø­Ø§Ø¬Ø§Øª Ø§Ù„Ù„Ù‰ Ø¨ÙŠØºÙÙ„ Ø¹Ù†Ù‡Ø§ ÙƒØªÙŠØ± Ù‡ÙŠ Ù‚ÙˆØ© Ø§Ù„ØµÙˆØ±Ø©. Ø§Ù„Ù†Ø§Ø³ Ø¨ØªÙØªÙƒØ± Ù†Ø³Ø¨Ø© ÙƒØ¨ÙŠØ±Ø© Ù…Ù† Ø§Ù„Ø­Ø§Ø¬Ø© Ø§Ù„Ù„Ù‰ Ø´Ø§ÙÙˆÙ‡Ø§ ÙˆÙ…Ù† Ù‡Ù†Ø§ Ø¨ØªÙŠØ¬ÙŠ Ù‚ÙˆØ© Ø§Ù„ØµÙˆØ± ÙˆÙ…Ø¯Ù‰ ØªØ£Ø«ÙŠØ±Ù‡Ø§ Ø¹Ù„Ù‰ Ø¥Ù‚ØªØ§Ø¹ Ø¹Ù…ÙŠÙ„Ùƒ.\nØªØµÙˆÙŠØ± Ù…Ù†ØªØ¬Ø§ØªÙƒ Ø¨Ø´ÙƒÙ„ Ø§Ø­ØªØ±Ø§ÙÙŠ ÙŠØ¹ØªØ¨Ø± Ø´Ø¦ Ø£Ø³Ø§Ø³ÙŠ Ù„Ø§ ØºÙ†Ù‰ Ø¹Ù†Ù‡ ÙÙŠ ØªØ³ÙˆÙŠÙ‚Ùƒ Ù„Ù…Ù†ØªØ¬Ø§ØªÙƒ .. Ù„Ùˆ Ø¸Ù‡Ø± Ù‚Ø¯Ø§Ù…Ùƒ ØµÙˆØ±Ø© Ù…Ù† Ù…Ø·Ø¹Ù… Ù…ØµÙˆØ± Ø§Ù„Ø£ÙƒÙ„ Ø¨ØªØ§Ø¹Ù‡ Ø¨Ø´ÙƒÙ„ Ø§Ø­ØªØ±Ø§ÙÙŠ ÙˆØµÙˆØ±Ø© ØªØ§Ù†ÙŠØ© Ù„Ù…Ø·Ø¹Ù… Ù…Ø³ØªØ®Ø¯Ù… ØµÙˆØ±Ø© Ø¹Ø§Ø¯ÙŠØ©ØŒ ØªÙØªÙƒØ± Ù…ÙŠÙ† ÙÙŠ Ø§Ù„Ø§ØªÙ†ÙŠÙ† Ø§Ù„Ù„Ù‰ Ù‡ÙŠØ´Ø¯ Ø§Ù†ØªØ¨Ø§Ù‡ÙƒØŸ Ø£ÙƒÙŠØ¯ Ø§Ù„Ù„Ù‰ Ù‡ÙŠØ´Ø¯ Ø§Ù†ØªØ¨Ø§Ù‡Ùƒ Ù‡Ùˆ Ø§Ù„Ù„Ù‰ Ø¨ÙŠØ³ØªØ®Ø¯Ù… ØµÙˆØ±Ø© Ø­ÙŠØ© Ù…Ù† Ø§Ù„Ù…ÙƒØ§Ù† Ù…ØªØµÙˆØ±Ø© Ø¨Ø´ÙƒÙ„ Ù…Ø®ØªÙ„Ù ÙˆØ¨Ø·Ø±ÙŠÙ‚Ø© Ø§Ø­ØªØ±Ø§ÙÙŠØ©.. ØªØµÙˆÙŠØ± Ø§Ù„Ù…Ù†ØªØ¬Ø§Øª Ù…Ø´ Ù…Ù‚ØªØµØ± Ø¹Ù„Ù‰ Ø§Ù„Ø£ÙƒÙ„ Ø¨Ø³ØŒ ÙƒÙ…Ø§Ù† Ø§Ù„Ù…Ù„Ø§Ø¨Ø³ØŒ ÙˆØ§Ù„Ø£Ø¬Ù‡Ø²Ø© ÙˆÙƒÙ„ Ø§Ù„Ù…Ù†ØªØ¬Ø§Øª Ø¨ØªØ­ØªØ§Ø¬ Ø¥Ù†Ù‡Ø§ ØªØªØ¹Ø±Ø¶ Ø¨Ø´ÙƒÙ„ Ø¬Ø°Ø§Ø¨ Ù„Ø¹Ù…Ù„Ø§Ø¦Ùƒ ÙˆÙƒÙ…Ø§Ù† Ø§Ù„Ø£Ù…Ø§ÙƒÙ† Ø²ÙŠ Ù…Ø±Ø§ÙƒØ² Ø§Ù„ØªØ¬Ù…ÙŠÙ„ Ùˆ Ø§Ù„Ø¹Ù‚Ø§Ø±Ø§Øª Ø¨Ø§Ø®ØªÙ„Ø§Ù Ø£Ù†ÙˆØ§Ø¹Ù‡Ø§.\nØ¨Ø§Ø®ØªØµØ§Ø± Ø§Ù„ØªØµÙˆÙŠØ± Ù…Ù‡Ù… Ø¨Ø´ÙƒÙ„ ÙƒØ¨ÙŠØ± Ù„Ù„ Business Ù„Ø£Ù†Ù‡ Ø¹Ø§Ù…Ù„ Ø£Ø³Ø§Ø³ÙŠ ÙÙŠ Ø²ÙŠØ§Ø¯Ø© Ø§Ù„ Conversion ÙˆØ¨Ø§Ù„ØªØ§Ù„Ù‰ Ø²ÙŠØ§Ø¯Ø© Ø§Ù„Ù…Ø¨ÙŠØ¹Ø§Øª.\nØªØµÙˆÙŠØ± Ù…Ù†ØªØ¬Ø§ØªÙƒ Ø¨Ø´ÙƒÙ„ Ø§Ø­ØªØ±Ø§ÙÙŠ Ø¨ÙŠØ¹ÙƒØ³ Ù…Ø¯Ù‰ Ø§Ø­ØªØ±Ø§ÙÙŠØ© Ø§Ù„Business Ù†ÙØ³Ù‡ \nØ¨ÙŠØ³Ù…Ø­ Ù„Ù„Ø¹Ù…ÙŠÙ„ Ø¨Ø§ÙƒØªØ´Ø§Ù Ù…Ù†ØªØ¬Ø§ØªÙƒ ÙˆØ§Ù„ØªØ¹Ø±Ù Ø¹Ù„ÙŠÙ‡Ø§ Ø¹Ù† Ù‚Ø±Ø¨.\nØ¹Ø§Ù…Ù„ Ù…Ø¤Ø«Ø± ÙÙŠ Ø§ØªØ®Ø§Ø° Ø§Ù„Ø¹Ù…ÙŠÙ„ Ù„Ù‚Ø±Ø§Ø± Ø§Ù„Ø´Ø±Ø§Ø¡.\nØ²ÙŠØ§Ø¯Ø© Ù…Ø¨ÙŠØ¹Ø§ØªÙƒ.\nØ­Ø¬Ù… Ø§Ù„ÙØ±Øµ Ø§Ù„Ù„Ù‰ Ù‡ØªØ®Ø³Ø±Ù‡Ø§ Ø¨Ø³Ø¨Ø¨ Ø¹Ø¯Ù… Ø§Ø³ØªØ®Ø¯Ø§Ù…Ùƒ Ù„ØµÙˆØ± Ø§Ø­ØªØ±Ø§ÙÙŠØ© ÙƒØ¨ÙŠØ±ØŒ ÙˆÙ„Ù„Ø³Ø¨Ø¨ Ø¯Ù‡ Ù…Ù‡Ù… Ø¥Ù†Ùƒ ØªÙÙƒØ± ÙÙŠ Ø§Ù„Ø§ØªØ¬Ø§Ù‡ Ø¥Ù„Ù‰ Ø¹Ø±Ø¶ Ù…Ù†ØªØ¬Ø§ØªÙƒ Ø¨Ø´ÙƒÙ„ Ø§Ø­ØªØ±Ø§ÙÙŠ Ù„Ø¬Ø°Ø¨ Ø§Ù„Ø¹Ù…Ù„Ø§Ø¡ ÙˆØ§Ù‚ØªÙ†Ø§Øµ Ø¹Ø¯Ø¯ Ø£ÙƒØ¨Ø± Ù…Ù† Ø§Ù„ÙØ±ØµØŒ Ù…Ø¹Ø§Ù†Ø§ ÙÙŠ ""Ø¥Ø³Ù… Ø§Ù„Ù…ÙƒØ§Ù†"" Ù‡Ù†Ø³Ø§Ø¹Ø¯Ùƒ ÙÙŠ Ø²ÙŠØ§Ø¯Ø© Ù…Ø¨ÙŠØ¹Ø§ØªÙƒ ÙˆØ¸Ù‡ÙˆØ±Ùƒ Ù„Ø¹Ù…Ù„Ø§Ø¦Ùƒ Ø¨Ø´ÙƒÙ„ Ø£ÙƒØ«Ø± Ø§Ø­ØªØ±Ø§ÙÙŠØ©ØŒ Ù…Ù† Ø®Ù„Ø§Ù„ Ø®Ø¨Ø±ØªÙ†Ø§ Ø§Ù„Ø·ÙˆÙŠÙ„Ø© ÙÙŠ Ù…Ø¬Ø§Ù„ Ø§Ù„ØªØµÙˆÙŠØ±ØŒ Ø³ÙˆØ§Ø¡ ØªØµÙˆÙŠØ± Ø§Ù„Ù…Ù†ØªØ¬Ø§Øª Ø£Ùˆ Ø§Ù„Ø£Ù…Ø§ÙƒÙ†ØŒ Ù…Ø¹Ø§Ù†Ø§ Ù‡ØªÙ†Ù‚Ù„ Ø§Ù„Business Ø§Ù„Ø®Ø§Øµ Ø¨ÙŠÙƒ Ø®Ø·ÙˆØ© Ù„Ù‚Ø¯Ø§Ù… ÙˆÙƒÙ…Ø§Ù† Ù…Ø¨ÙŠØ¹Ø§ØªÙƒ Ù‡ØªØªØ£Ø«Ø± Ø¨Ø´ÙƒÙ„ Ø¥ÙŠØ¬Ø§Ø¨ÙŠ.",https://www.facebook.com/DigitalMarketing.Araby/photos/a.1024968727526584.1073741828.1020125601344230/1307629822593805/?type=3,26,16,26,4
293224424188882_710201749157812,Marketing Com Digital,38086,Tudo o que a sua mÃ£o encontrar para fazer...,https://www.facebook.com/marketingcomdigital/photos/a.300380166806641.1073741828.293224424188882/710201749157812/?type=3,27,2,29,4
293224424188882_708531129324874,Marketing Com Digital,38086,"Se vocÃª trabalha com produÃ§Ã£o de conteÃºdo, saiba que deve comeÃ§ar a ler mais, e com a mente aberta. \n\nVeja algumas dicas que vÃ£o ajudar bastante :)",http://bit.ly/mente-abertaa,10,2,10,4
293224424188882_708481989329788,Marketing Com Digital,38086,Insanidade...,https://www.facebook.com/marketingcomdigital/photos/a.300380166806641.1073741828.293224424188882/708481989329788/?type=3,78,3,80,4
293224424188882_708546945989959,Marketing Com Digital,38086,Quer comeÃ§ar um negÃ³cio do zero e nÃ£o faz ideia de qual deve ser o primeiro passo? este artigo foi feito para vocÃª! :),http://bit.ly/dono-proprio-negocio,11,1,11,3
293224424188882_708140746030579,Marketing Com Digital,38086,Seja Corajoso :),https://www.facebook.com/marketingcomdigital/photos/a.300380166806641.1073741828.293224424188882/708140746030579/?type=3,28,0,28,2
293224424188882_707520469425940,Marketing Com Digital,38086,Confira 10 modelos de tÃ­tulos criativos que podem ser usados em conteÃºdos de qualquer tipo de negÃ³cio e que vÃ£o chamar a atenÃ§Ã£o do seu leitor :),http://bit.ly/titulos-criativos,9,1,10,2
293224424188882_706859486158705,Marketing Com Digital,38086,NÃ£o corrigir nossas falhas...,https://www.facebook.com/marketingcomdigital/photos/a.300380166806641.1073741828.293224424188882/706859486158705/?type=3,58,0,60,2
293224424188882_706413826203271,Marketing Com Digital,38086,VocÃª sabe como atrair visitantes para o seu site e gerar muito mais vendas? A resposta Ã© mais simples do que parece. Confira. :),http://bit.ly/conteudo-simples,16,1,16,2
293224424188882_704060266438627,Marketing Com Digital,38086,O primeiro passo serÃ¡...,https://www.facebook.com/marketingcomdigital/photos/a.300380166806641.1073741828.293224424188882/704060266438627/?type=3,22,1,23,2
293224424188882_704534233057897,Marketing Com Digital,38086,"Estar em um grupo de negÃ³cios Ã© crucial para que alcance as suas metas, objetivos e sonhos, lembre-se,vocÃª Ã© a mÃ©dia das 5 pessoas com quem passa mais tempo :)",http://bit.ly/grupo-negocios,17,2,17,2
267320506718707_1152509254866490,Litado - TrÆ°á»ng ÄÃ o Táº¡o Cao Cáº¥p Digital Marketing,33459,"229 Bá»¨C áº¢NH LUNG LINH TRONG Lá»„ Báº¾ GIáº¢NG Lá»šP FACEBOOK MARKETING VIP & BUSINESS MODEL K39 LITADO :)\n.\nBuá»•i há»c cuá»‘i cÅ©ng lÃ  buá»•i lá»… tá»‘t nghiá»‡p cá»§a lá»›p Facebook Marketing 39. Qua 09 + 01 buá»•i há»c lÃ½ thuyáº¿t vÃ  thá»±c hÃ nh liÃªn tá»¥c thÃ¬ Ä‘áº¿n buá»•i báº¿ giáº£ng nÃ y, cÃ¡c há»c viÃªn lá»›p Facebook 39 Ä‘Ã£ tiáº¿p thu Ä‘Æ°á»£c Ä‘áº§y Ä‘á»§ nhá»¯ng kiáº¿n thá»©c mÃ  NHáº¤T Äáº I TÃ”NG SÆ¯ Nguyá»…n Máº¡nh Linh Ä‘Ã£ truyá»n Ä‘áº¡t, hoÃ n thÃ nh trá»n váº¹n khÃ³a há»c.\nÄÃ¢y lÃ  buá»•i lá»… tá»‘t nghiá»‡p tÆ°ng bá»«ng vá»›i ráº¥t nhiá»u cáº£m xÃºc vÃ  sáº½ lÃ  má»™t ká»· niá»‡m khÃ´ng thá»ƒ quÃªn vá»›i trÆ°á»ng LITADO cÅ©ng nhÆ° cÃ¡c há»c viÃªn vÃ¬ lá»›p Facebook Marketing 39 quÃ¡ Ä‘Ã´ng, quÃ¡ vui vÃ  quÃ¡ tuyá»‡t vá»i!\nVá»›i phÃ²ng há»c cá»§a trÆ°á»ng LITADO - phÃ²ng há»c Ä‘áº³ng cáº¥p vá»›i 4 mÃ¡y chiáº¿u, 4 mÃ n chiáº¿u, 2 TV mÃ n hÃ¬nh cá»±c lá»›n cÃ¹ng há»‡ thá»‘ng Ã¢m thanh Ã¡nh sÃ¡ng hÃ ng Ä‘áº§u trong cÃ¡c phÃ²ng há»c Digital Marketing, cÃ¡c há»c viÃªn lá»›p Facebook K39 Ä‘Ã£ Ä‘Æ°á»£c phá»¥c vá»¥ nhu cáº§u há»c táº­p má»™t cÃ¡ch hoÃ n háº£o nháº¥t! (Má»i cÃ¡c báº¡n xem áº£nh Ä‘á»ƒ chiÃªm ngÆ°á»¡ng váº» Ä‘áº¹p tuyá»‡t vá»i nÃ y).\nTáº¡m biá»‡t cÃ¡c há»c viÃªn thÃ¢n yÃªu lá»›p Facebook Marketing VIP & Business Model K39, cáº£m Æ¡n cÃ¡c báº¡n Ä‘Ã£ chá»n LITADO Ä‘á»ƒ Ä‘áº·t trá»n niá»m tin, chÃºc cáº£ lá»›p sáº½ Ã¡p dá»¥ng tháº­t tá»‘t nhá»¯ng kiáº¿n thá»©c Ä‘Ã£ há»c tá»« ""Nháº¥t Äáº¡i TÃ´ng SÆ°"" Ä‘á»ƒ Ä‘áº¡t Ä‘Æ°á»£c tháº­t nhiá»u nhá»¯ng thÃ nh cÃ´ng má»›i, chÃºc cÃ¡c thÃ nh viÃªn trong lá»›p sáº½ luÃ´n Ä‘oÃ n káº¿t giÃºp Ä‘á»¡ nhau dÃ¹ khÃ³a há»c Ä‘Ã£ káº¿t thÃºc.\nHáº¹n gáº·p láº¡i cÃ¡c báº¡n!\nHÃ¬nh áº£nh trong lá»… báº¿ giáº£ng, lá»… trao chá»©ng nháº­n vÃ  nÃ¢ng cá»‘c chÃºc má»«ng tá»‘t nghiá»‡p cá»§a lá»›p Facebook Marketing VIP & Business Model K39 LITADO, 18/01/2017.\nhttp://litado.com/\n--------------------------------------------------------------------\nNáº¿u cÃ¡c báº¡n cÅ©ng muá»‘n náº¯m Ä‘Æ°á»£c nhá»¯ng Chiáº¿n LÆ°á»£c, Chiáº¿n Thuáº­t Äá»ˆNH CAO, trá»Ÿ thÃ nh Vua bÃ¡n hÃ ng trÃªn Facebook thÃ¬ Ä‘Ã¢y chÃ­nh lÃ  khÃ³a há»c báº¡n Ä‘ang tÃ¬m:\nKhÃ³a há»c Facebook Marketing VIP & Business Model K40 sáº½ khai giáº£ng ngÃ y 24/02/2017.\nÄÄƒng kÃ½ ngay Ä‘á»ƒ bÃ¹ng ná»• doanh thu 2017!\nChi tiáº¿t ná»™i dung khÃ³a há»c: http://litado.com/facebook-marketing-40/",https://www.facebook.com/LitadoVietNam/photos/a.1152505724866843.1073742134.267320506718707/1152509254866490/?type=3,16,2,17,2
267320506718707_1147298792054203,Litado - TrÆ°á»ng ÄÃ o Táº¡o Cao Cáº¥p Digital Marketing,33459,"ğŸ‰ğŸ‰ğŸ‰ CHÃš Ã: VUI XUÃ‚N ÄINH Dáº¬U - Lá»˜C PHÃT 4 NGÃ€Y VÃ€NG ğŸ‰ğŸ‰ğŸ‰\n<3 Nháº±m Tri Ã‚n sá»± á»§ng há»™ cá»§a cÃ¡c báº¡n trong suá»‘t nÄƒm vá»«a qua vÃ  Ä‘á»ƒ chÃ o Ä‘Ã³n nÄƒm má»›i Äinh Dáº­u Äáº¡i Tháº¯ng Lá»£i, Äáº¡i ThÃ nh CÃ´ng, trÆ°á»ng LITADO tÆ°ng bá»«ng triá»ƒn khai chÆ°Æ¡ng trÃ¬nh: VUI XUÃ‚N ÄINH Dáº¬U - Lá»˜C PHÃT 4 NGÃ€Y VÃ€NG! ğŸ‰\nğŸ‘‰ Cá»¥ thá»ƒ: CÃ¡c há»c viÃªn hoÃ n thÃ nh há»c phÃ­ lá»›p SÃ i GÃ²n Facebook Marketing VIP & Business Model K14 khai giáº£ng ngÃ y 10/03/2017 trong 4 ngÃ y 20, 21, 23, 24/01/2017 sáº½ Ä‘Æ°á»£c Æ°u Ä‘Ã£i há»c phÃ­ Lá»˜C PHÃT - Tá»©c Æ¯u Ä‘Ã£i 26,8% há»c phÃ­.\n*****************\nChi tiáº¿t há»c phÃ­:\n- NhÃ³m 1 ngÆ°á»i: Tá»« 9.600.000 Ä‘ chá»‰ cÃ²n 7.030.000 Ä‘ (tiáº¿t kiá»‡m 2.570.000 Ä‘)\n- NhÃ³m 2 ngÆ°á»i: Tá»« 9.200.000 Ä‘ chá»‰ cÃ²n 6.735.000 Ä‘ (tiáº¿t kiá»‡m 2.865.000 Ä‘)\n- NhÃ³m 3 ngÆ°á»i: Tá»« 8.950.000 Ä‘ chá»‰ cÃ²n 6.550.000 Ä‘ (tiáº¿t kiá»‡m 3.050.000 Ä‘)\n- NhÃ³m 4 ngÆ°á»i: Tá»« 8.700.000 Ä‘ chá»‰ cÃ²n 6.370.000 Ä‘ (tiáº¿t kiá»‡m 3.230.000 Ä‘)\n- NhÃ³m 5 ngÆ°á»i: Tá»« 8.300.000 Ä‘ chá»‰ cÃ²n 6.075.000 Ä‘ (tiáº¿t kiá»‡m 3.525.000 Ä‘)\n*****************\nâš  LÆ°u Ã½: \n1./ ChÆ°Æ¡ng trÃ¬nh Æ°u Ä‘Ã£i chá»‰ Ã¡p dá»¥ng cho cÃ¡c há»c viÃªn má»›i, khÃ´ng Ã¡p dá»¥ng cho cÃ¡c há»c viÃªn há»c láº¡i Ä‘á»ƒ cáº­p nháº­t kiáº¿n thá»©c.\n2./ CÃ³ thá»ƒ hoÃ n thÃ nh há»c phÃ­ TRÆ¯á»šC hoáº·c TRONG 4 ngÃ y VÃ€NG 20, 21, 23, 24/01/2017 Ä‘á»ƒ Ä‘Æ°á»£c Æ°u Ä‘Ã£i há»c phÃ­.\n-------------------------\nâš  CHÃš Ã: TrÆ°á»›c khi Ä‘á»c trend 7 sá»± tháº­t thÃ¬..\nğŸ‰ Xin chÃºc má»«ng cÃ¡c báº¡n SÃ i GÃ²n, thÃ¡ng 3/2017 tá»›i Ä‘Ã¢y, LITADO sáº½ tiáº¿p tá»¥c má»Ÿ lá»›p Facebook Marketing Huáº¥n Luyá»‡n táº¡i SÃ€I GÃ’N.\n<3 CÃ¡c báº¡n SÃ i GÃ²n ko pháº£i tá»‘n tá»« 12 -21 tr, chÆ°a ká»ƒ phÃ­ bay vÃ  Äƒn nghá»‰ khÃ¡ch sáº¡n nhÆ° cÃ¡c báº¡n há»c khÃ³a tá»« K1 - K10 trÆ°á»›c Ä‘Ã¢y ná»¯a, mÃ  bÃ¢y giá» cÃ¡c báº¡n sáº½ Ä‘Æ°á»£c há»c ngay táº¡i SÃ i GÃ²n vá»›i má»©c há»c phÃ­ ráº¥t Æ¯u ÄÃ£i <3\nâš  CHÃš Ã: 7 Sá»° THáº¬T Cáº¦N BIáº¾T Vá»€ Facebook:\nâœª Sá»° THáº¬T THá»¨ 1: Facebook khÃ´ng pháº£i chá»‰ lÃ  nÆ¡i Ä‘á»ƒ giáº£i trÃ­!\nâœª Sá»° THáº¬T THá»¨ 2: Trong khi báº¡n Ä‘ang ngá»“i (hoáº·c náº±m) Ä‘Ã¢y lÆ°á»›t Facebook thÃ¬ báº¡n bÃ¨, anh chá»‹, há» hÃ ng, Äá»I THá»¦ cá»§a báº¡n Ä‘ang lÃ m ráº¥t nhiá»u nhá»¯ng thá»© ""hay ho"" trÃªn Facebook!\nâœª Sá»° THáº¬T THá»¨ 3: CÃ¡c khÃ³a há»c Facebook Marketing táº¡i trÆ°á»ng LITADO Ä‘Ã£ quÃ¡ thÃ nh cÃ´ng, ráº¥t nhiá»u há»c viÃªn Ä‘Ã£ tÄƒng doanh thu tá»« vÃ i chá»¥c Ä‘áº¿n vÃ i nghÃ¬n pháº§n trÄƒm ngay trong khÃ³a há»c.\nMá»i cÃ¡c báº¡n xem review cá»§a cÃ¡c há»c viÃªn cÅ© trÃªn Facebook cá»§a tháº§y Nguyá»…n Máº¡nh Linh Ä‘á»ƒ láº¥y niá»m cáº£m há»©ng báº¥t táº­n: https://www.Facebook.com/brolinh\nâœª Sá»° THáº¬T THá»¨ 4, 5, 6 vÃ  7: Quan trá»ng nháº¥t, xin má»i Ä‘á»c tiáº¿p á»Ÿ giá»¯a bÃ i hoáº·c bá» qua rá»“i há»‘i tiáº¿c cáº£ Ä‘á»i thÃ¬ tÃ¹y báº¡n.\nğŸ† Vá»›i lá»£i tháº¿ Ä‘Ã£ Ä‘Ã o táº¡o vÃ  chá»©ng kiáº¿n sá»± thÃ nh cÃ´ng cá»§a hÆ¡n 3000 há»c viÃªn Ä‘áº¿n tá»« má»i ngÃ nh nghá» khÃ¡c nhau, trÆ°á»ng Ä‘Ã o táº¡o cao cáº¥p Digital Marketing LITADO biáº¿t Ä‘Æ°á»£c nhá»¯ng kiáº¿n thá»©c nÃ o cáº§n thiáº¿t nháº¥t Ä‘á»ƒ trang bá»‹ cho má»—i há»c viÃªn, sau má»—i khÃ³a há»c trÆ°á»ng luÃ´n research, Ä‘Ã¡nh giÃ¡, cáº­p nháº­t vÃ  khÃ´ng ngá»«ng hoÃ n thiá»‡n giÃ¡o trÃ¬nh phÃ¹ há»£p nháº¥t vá»›i tÃ¬nh hÃ¬nh thá»±c táº¿. ÄÃ¢y lÃ  Ä‘iá»u tuyá»‡t vá»i mÃ  khi tá»± há»c báº¡n sáº½ khÃ´ng thá»ƒ vá»›i tá»›i Ä‘Æ°á»£c!\nğŸ‘‰ Facebook Ä‘ang lÃ  nÆ¡i khÃ¡ch hÃ ng tiá»m nÄƒng cá»§a báº¡n truy cáº­p hÃ ng ngÃ y vÃ  náº¿u báº¡n váº«n cÃ²n chÆ°a triá»ƒn khai hoáº·c chÆ°a khai thÃ¡c háº¿t kÃªnh nÃ y thÃ¬ tháº­t sá»± Ä‘Ã¡ng tiáº¿c!\nâ” Báº¡n cÃ³ muá»‘n há»c nhá»¯ng bÃ­ máº­t Ä‘á»ƒ trá»Ÿ nÃªn thÃ nh cÃ´ng trÃªn Facebook mÃ  khÃ´ng cÃ³ ai chia sáº» miá»…n phÃ­ bao giá»?\nâœª Sá»° THáº¬T THá»¨ 4: Báº N HOÃ€N TOÃ€N CÃ“ THá»‚ LÃ€M ÄÆ¯á»¢C 5 ÄIá»€U TUYá»†T Vá»œI SAU:\nâœ” TÄƒng doanh thu gáº¥p vÃ i láº§n Ä‘áº¿n vÃ i chá»¥c láº§n!\nâœ” Giáº£m chi phÃ­ quáº£ng cÃ¡o tá»« 30 - 80%\nâœ” HoÃ n toÃ n náº¯m vá»¯ng cÃ¡c ká»¹ thuáº­t quáº£ng cÃ¡o Facebook!\nâœ” Äáº§u tÆ° tiá»n má»™t cÃ¡ch khÃ´n ngoan Ä‘á»ƒ thu vá» lá»£i nhuáº­n lá»›n nháº¥t!\nâœ” SÃ¡ng táº¡o ra nhá»¯ng ná»™i dung lan truyá»n chÃ³ng máº·t trÃªn Facebook!\nğŸ‘‰ Báº±ng cÃ¡ch bá» ra 29h Ä‘á»ƒ NHáº¤T Äáº I TÃ”NG SÆ¯ huáº¥n luyá»‡n báº¡n trá»Ÿ thÃ nh Vua bÃ¡n hÃ ng trÃªn Facebook!\nğŸ‘ Gáº§n 2500 há»c viÃªn lá»›p Facebook Marketing VIP cá»§a tháº§y Linh Máº¡nh Nguyá»…n Ä‘Ã£ chá»©ng thá»±c nhá»¯ng Ä‘iá»u trÃªn!\nâœª Sá»° THáº¬T THá»¨ 5: Äá»ƒ há»c cÃ¡ch lÃ m Ä‘Æ°á»£c nhá»¯ng Ä‘iá»u TUYá»†T Vá»œI báº¡n pháº£i há»c tá»« ngÆ°á»i tháº§y Giá»i Nháº¥t. KhÃ´ng chá»‰ giá»i nháº¥t mÃ  cÃ²n pháº£i VÆ°á»£t Xa NgÆ°á»i Thá»© 2, khÃ´ng chá»‰ vÆ°á»£t xa ngÆ°á»i thá»© 2 mÃ  cÃ²n pháº£i lÃ  Báº­c Tháº§y Cá»§a CÃ¡c Báº­c Tháº§y! (Má»i báº¡n xem nháº­n xÃ©t cá»§a há»c viÃªn vá» giáº£ng viÃªn khÃ³a Facebook Marketing trong comment phÃ­a dÆ°á»›i)\nâœª Sá»° THáº¬T THá»¨ 6: NgoÃ i kiáº¿n táº¥t cáº£ CHIáº¾N LÆ¯á»¢C, CHIáº¾N THUáº¬T bÃ¡n hÃ ng trÃªn Facebook do NHáº¤T Äáº I TÃ”NG SÆ¯ truyá»n Ä‘áº¡t, báº¡n cÃ²n cÃ³ thá»ƒ há»c Ä‘Æ°á»£c ráº¥t nhiá»u kiáº¿n thá»©c há»¯u Ã­ch khÃ¡c cho cÃ´ng viá»‡c cá»§a mÃ¬nh do chÃ­nh cÃ¡c há»c viÃªn trong lá»›p chia sáº»:\nâœ” Kiáº¿n thá»©c vá» NGUá»’N HÃ€NG\nâœ” Kiáº¿n thá»©c vá» Dá»°NG VIDEO, PHIM NGáº®N QUáº¢NG CÃO BÃN HÃ€NG.\nâœ” Kiáº¿n thá»©c vá» THIáº¾T Káº¾ banner quáº£ng cÃ¡o, truyá»n thÃ´ng,...\nâœ” Kiáº¿n thá»©c vá» NHÃ‚N Sá»°\nâœ” Kiáº¿n thá»©c vá» Há»† THá»NG BÃN HÃ€NG\nâœ” .......\nâœª Sá»° THáº¬T THá»¨ 7: lá»›p cá»§a huáº¥n luyá»‡n viÃªn, NHáº¤T Äáº I TÃ”NG SÆ¯ Nguyá»…n Máº¡nh Linh luÃ´n chÃ¡y chá»— trÆ°á»›c cáº£ vÃ i tuáº§n (máº·c dÃ¹ lá»›p há»c 9, 10 buá»•i). Xem thÃªm táº¡i Ä‘Ã¢y: http://bit.ly/fbm35full\n----------------------\nğŸ† Facebook Marketing SÃ€I GÃ’N VIP & Business Mokdel K14 - Trá»Ÿ thÃ nh vua bÃ¡n hÃ ng trÃªn Facebook.\nKhai giáº£ng: 10/03/2017\nBáº¿ giáº£ng: 19/03/2017\nÄá»‹a Äiá»ƒm há»c: Táº§ng 5, 110 Cao Tháº¯ng, Quáº­n 3, TP Há»“ ChÃ­ Minh\nğŸ“ Hotline: 0438.77.9999 - 0988 92 98 98\nğŸ‘ Comment hoáº·c inbox sÄ‘t, trÆ°á»ng LITADO sáº½ há»— trá»£ báº¡n.\nHá»c vÃ o cÃ¡c ngÃ y: thá»© 6 - 10/03/2017, thá»© 7 - 11/03/2017, chá»§ nháº­t - 12/03/2017, thá»© 7 - 18/03/2016, chá»§ nháº­t - 19/03/2016\nGiá» há»c: chiá»u tá»« 13h30 - 17h, tá»‘i tá»« 18h - 21h30\nhttp://litado.com/facebook-marketing-sgvip-k14/\nHáº¸N Gáº¶P Láº I Táº I SÃ€I GÃ’N.\nGHÃ‰ THÄ‚M NHáº¤T Äáº I TÃ”NG SÆ¯, VÃ€ SAU ÄÃ“ Sá»NG CUá»˜C Äá»œI CÃ’N Láº I NHÆ¯ 1 NHÃ€ VÃ” Äá»ŠCH.\nTRÃ‚N TRá»ŒNG!",http://litado.com/facebook-marketing-sgvip-k14/,3066,69,3115,2
267320506718707_1143542905763125,Litado - TrÆ°á»ng ÄÃ o Táº¡o Cao Cáº¥p Digital Marketing,33459,"ğŸ‰ğŸ‰ğŸ‰ CHÃš Ã: VUI XUÃ‚N ÄINH Dáº¬U - Lá»˜C PHÃT 4 NGÃ€Y VÃ€NG ğŸ‰ğŸ‰ğŸ‰\n<3 Nháº±m Tri Ã‚n sá»± á»§ng há»™ cá»§a cÃ¡c báº¡n trong suá»‘t nÄƒm vá»«a qua vÃ  Ä‘á»ƒ chÃ o Ä‘Ã³n nÄƒm má»›i Äinh Dáº­u Äáº¡i Tháº¯ng Lá»£i, Äáº¡i ThÃ nh CÃ´ng, trÆ°á»ng LITADO tÆ°ng bá»«ng triá»ƒn khai chÆ°Æ¡ng trÃ¬nh: VUI XUÃ‚N ÄINH Dáº¬U - Lá»˜C PHÃT 4 NGÃ€Y VÃ€NG! ğŸ‰\nğŸ‘‰ Cá»¥ thá»ƒ: CÃ¡c há»c viÃªn hoÃ n thÃ nh há»c phÃ­ lá»›p Facebook Marketing VIP & Business Model K40 khai giáº£ng ngÃ y 24/02/2017 trong 4 ngÃ y 17, 18, 19, 20/01/2017 sáº½ Ä‘Æ°á»£c Æ°u Ä‘Ã£i há»c phÃ­ Lá»˜C PHÃT - Tá»©c Æ¯u Ä‘Ã£i 26,8% há»c phÃ­.\n*****************\nChi tiáº¿t há»c phÃ­:\n- NhÃ³m 1 ngÆ°á»i: Tá»« 8.600.000 Ä‘ chá»‰ cÃ²n 6.295.000 Ä‘ (tiáº¿t kiá»‡m 2.305.000 Ä‘)\n- NhÃ³m 2 ngÆ°á»i: Tá»« 8.300.000 Ä‘ chá»‰ cÃ²n 6.075.000 Ä‘ (tiáº¿t kiá»‡m 2.525.000 Ä‘)\n- NhÃ³m 3 ngÆ°á»i: Tá»« 8.050.000 Ä‘ chá»‰ cÃ²n 5.890.000 Ä‘ (tiáº¿t kiá»‡m 2.710.000 Ä‘)\n- NhÃ³m 4 ngÆ°á»i: Tá»« 7.800.000 Ä‘ chá»‰ cÃ²n 5.710.000 Ä‘ (tiáº¿t kiá»‡m 2.890.000 Ä‘)\n- NhÃ³m 5 ngÆ°á»i: Tá»« 7.500.000 Ä‘ chá»‰ cÃ²n 5.490.000 Ä‘ (tiáº¿t kiá»‡m 3.110.000 Ä‘)\n*****************\nâš  LÆ°u Ã½: \n1./ ChÆ°Æ¡ng trÃ¬nh Æ°u Ä‘Ã£i chá»‰ Ã¡p dá»¥ng cho cÃ¡c há»c viÃªn má»›i, khÃ´ng Ã¡p dá»¥ng cho cÃ¡c há»c viÃªn há»c láº¡i Ä‘á»ƒ cáº­p nháº­t kiáº¿n thá»©c.\n2./ CÃ³ thá»ƒ hoÃ n thÃ nh há»c phÃ­ trÆ°á»›c hoáº·c trong 4 ngÃ y VÃ€NG 17, 18, 19, 20/01/2017 Ä‘á»ƒ Ä‘Æ°á»£c Æ°u Ä‘Ã£i há»c phÃ­.\n-------------------------\nâš  CHÃš Ã: 7 Sá»° THáº¬T Cáº¦N BIáº¾T Vá»€ Facebook:\nâœª Sá»° THáº¬T THá»¨ 1: Facebook khÃ´ng pháº£i chá»‰ lÃ  nÆ¡i Ä‘á»ƒ giáº£i trÃ­!\nâœª Sá»° THáº¬T THá»¨ 2: Trong khi báº¡n Ä‘ang ngá»“i (hoáº·c náº±m) Ä‘Ã¢y lÆ°á»›t Facebook thÃ¬ báº¡n bÃ¨, anh chá»‹, há» hÃ ng, Äá»I THá»¦ cá»§a báº¡n Ä‘ang lÃ m ráº¥t nhiá»u nhá»¯ng thá»© ""hay ho"" trÃªn Facebook!\nâœª Sá»° THáº¬T THá»¨ 3: CÃ¡c khÃ³a há»c Facebook Marketing táº¡i trÆ°á»ng LITADO Ä‘Ã£ quÃ¡ thÃ nh cÃ´ng, ráº¥t nhiá»u há»c viÃªn Ä‘Ã£ tÄƒng doanh thu tá»« vÃ i chá»¥c Ä‘áº¿n vÃ i nghÃ¬n pháº§n trÄƒm ngay trong khÃ³a há»c.\nMá»i cÃ¡c báº¡n xem review cá»§a cÃ¡c há»c viÃªn cÅ© trÃªn Facebook cá»§a tháº§y Nguyá»…n Máº¡nh Linh Ä‘á»ƒ láº¥y niá»m cáº£m há»©ng báº¥t táº­n: https://www.Facebook.com/brolinh\nâœª Sá»° THáº¬T THá»¨ 4, 5, 6 vÃ  7: Quan trá»ng nháº¥t, xin má»i Ä‘á»c tiáº¿p á»Ÿ giá»¯a bÃ i hoáº·c bá» qua rá»“i há»‘i tiáº¿c cáº£ Ä‘á»i thÃ¬ tÃ¹y báº¡n.\nğŸ† Vá»›i lá»£i tháº¿ Ä‘Ã£ Ä‘Ã o táº¡o vÃ  chá»©ng kiáº¿n sá»± thÃ nh cÃ´ng cá»§a hÆ¡n 3000 há»c viÃªn Ä‘áº¿n tá»« má»i ngÃ nh nghá» khÃ¡c nhau, trÆ°á»ng Ä‘Ã o táº¡o cao cáº¥p Digital Marketing LITADO biáº¿t Ä‘Æ°á»£c nhá»¯ng kiáº¿n thá»©c nÃ o cáº§n thiáº¿t nháº¥t Ä‘á»ƒ trang bá»‹ cho má»—i há»c viÃªn, sau má»—i khÃ³a há»c trÆ°á»ng luÃ´n research, Ä‘Ã¡nh giÃ¡, cáº­p nháº­t vÃ  khÃ´ng ngá»«ng hoÃ n thiá»‡n giÃ¡o trÃ¬nh phÃ¹ há»£p nháº¥t vá»›i tÃ¬nh hÃ¬nh thá»±c táº¿. ÄÃ¢y lÃ  Ä‘iá»u tuyá»‡t vá»i mÃ  khi tá»± há»c báº¡n sáº½ khÃ´ng thá»ƒ vá»›i tá»›i Ä‘Æ°á»£c!\nğŸ‘‰ Facebook Ä‘ang lÃ  nÆ¡i khÃ¡ch hÃ ng tiá»m nÄƒng cá»§a báº¡n truy cáº­p hÃ ng ngÃ y vÃ  náº¿u báº¡n váº«n cÃ²n chÆ°a triá»ƒn khai hoáº·c chÆ°a khai thÃ¡c háº¿t kÃªnh nÃ y thÃ¬ tháº­t sá»± Ä‘Ã¡ng tiáº¿c!\nâ” Báº¡n cÃ³ muá»‘n há»c nhá»¯ng bÃ­ máº­t Ä‘á»ƒ trá»Ÿ nÃªn thÃ nh cÃ´ng trÃªn Facebook mÃ  khÃ´ng cÃ³ ai chia sáº» miá»…n phÃ­ bao giá»?\nâœª Sá»° THáº¬T THá»¨ 4: Báº N HOÃ€N TOÃ€N CÃ“ THá»‚ LÃ€M ÄÆ¯á»¢C 5 ÄIá»€U TUYá»†T Vá»œI SAU:\nâœ” TÄƒng doanh thu gáº¥p vÃ i láº§n Ä‘áº¿n vÃ i chá»¥c láº§n!\nâœ” Giáº£m chi phÃ­ quáº£ng cÃ¡o tá»« 30 - 80%\nâœ” HoÃ n toÃ n náº¯m vá»¯ng cÃ¡c ká»¹ thuáº­t quáº£ng cÃ¡o Facebook!\nâœ” Äáº§u tÆ° tiá»n má»™t cÃ¡ch khÃ´n ngoan Ä‘á»ƒ thu vá» lá»£i nhuáº­n lá»›n nháº¥t!\nâœ” SÃ¡ng táº¡o ra nhá»¯ng ná»™i dung lan truyá»n chÃ³ng máº·t trÃªn Facebook!\nğŸ‘‰ Báº±ng cÃ¡ch bá» ra 29h Ä‘á»ƒ NHáº¤T Äáº I TÃ”NG SÆ¯ huáº¥n luyá»‡n báº¡n trá»Ÿ thÃ nh Vua bÃ¡n hÃ ng trÃªn Facebook!\nğŸ‘ Gáº§n 2000 há»c viÃªn lá»›p Facebook Marketing trong tá»•ng sá»‘ hÆ¡n 3000 há»c viÃªn cá»§a LITADO Ä‘Ã£ chá»©ng thá»±c nhá»¯ng Ä‘iá»u trÃªn!\nâœª Sá»° THáº¬T THá»¨ 5: Äá»ƒ há»c cÃ¡ch lÃ m Ä‘Æ°á»£c nhá»¯ng Ä‘iá»u TUYá»†T Vá»œI báº¡n pháº£i há»c tá»« ngÆ°á»i tháº§y Giá»i Nháº¥t. KhÃ´ng chá»‰ giá»i nháº¥t mÃ  cÃ²n pháº£i VÆ°á»£t Xa NgÆ°á»i Thá»© 2, khÃ´ng chá»‰ vÆ°á»£t xa ngÆ°á»i thá»© 2 mÃ  cÃ²n pháº£i lÃ  Báº­c Tháº§y Cá»§a CÃ¡c Báº­c Tháº§y! (Má»i báº¡n xem nháº­n xÃ©t cá»§a há»c viÃªn vá» giáº£ng viÃªn khÃ³a Facebook Marketing trong comment phÃ­a dÆ°á»›i)\nâœª Sá»° THáº¬T THá»¨ 6: NgoÃ i kiáº¿n táº¥t cáº£ CHIáº¾N LÆ¯á»¢C, CHIáº¾N THUáº¬T bÃ¡n hÃ ng trÃªn Facebook do NHáº¤T Äáº I TÃ”NG SÆ¯ truyá»n Ä‘áº¡t, báº¡n cÃ²n cÃ³ thá»ƒ há»c Ä‘Æ°á»£c ráº¥t nhiá»u kiáº¿n thá»©c há»¯u Ã­ch khÃ¡c cho cÃ´ng viá»‡c cá»§a mÃ¬nh do chÃ­nh cÃ¡c há»c viÃªn trong lá»›p chia sáº»:\nâœ” Kiáº¿n thá»©c vá» NGUá»’N HÃ€NG\nâœ” Kiáº¿n thá»©c vá» Dá»°NG VIDEO, PHIM NGáº®N QUáº¢NG CÃO BÃN HÃ€NG.\nâœ” Kiáº¿n thá»©c vá» THIáº¾T Káº¾ banner quáº£ng cÃ¡o, truyá»n thÃ´ng,...\nâœ” Kiáº¿n thá»©c vá» NHÃ‚N Sá»°\nâœ” Kiáº¿n thá»©c vá» Há»† THá»NG BÃN HÃ€NG\nâœ” .......\nâœª Sá»° THáº¬T THá»¨ 7: lá»›p cá»§a huáº¥n luyá»‡n viÃªn, NHáº¤T Äáº I TÃ”NG SÆ¯ Nguyá»…n Máº¡nh Linh luÃ´n chÃ¡y chá»— trÆ°á»›c cáº£ vÃ i tuáº§n (máº·c dÃ¹ lá»›p há»c 9, 10 buá»•i). Xem thÃªm táº¡i Ä‘Ã¢y: http://bit.ly/fbm35full\n----------------------\nKhÃ³a há»c Facebook Marketing 40 - Trá»Ÿ thÃ nh vua bÃ¡n hÃ ng trÃªn Facebook.\nKhai giáº£ng: 24/02/2017\nHá»c vÃ o thá»© 2, thá»© 4, thá»© 6 - 18h15 Ä‘áº¿n 21h30\nâœª ÄÄƒng kÃ½ ngay Ä‘á»ƒ BÃ¹ng Ná»• Doanh Sá»‘ 2017!\nğŸ‘‰ CÃ¡c báº¡n nhanh tay Ä‘Äƒng kÃ½ Facebook Marketing K40 nhÃ© káº»o láº¡i háº¿t chá»— Ä‘áº¥y :)\nğŸ‘ Comment hoáº·c inbox sÄ‘t, trÆ°á»ng LITADO sáº½ há»— trá»£ báº¡n.\nğŸ“ Hotline: 0438.77.9999 - 0988 92 98 98\nhttp://litado.com/facebook-marketing-40/",http://litado.com/facebook-marketing-40/,3839,100,3874,2
267320506718707_1132674240183325,Litado - TrÆ°á»ng ÄÃ o Táº¡o Cao Cáº¥p Digital Marketing,33459,"Buá»•i há»c thá»© 2 cá»§a khÃ³a Facebook Marketing VIP & Business Model K39. TrÆ°á»ng LITADO Ä‘Ã£ dÃ nh má»™t khoáº£ng thá»i gian Ä‘á»ƒ má»—i há»c viÃªn tá»± giá»›i thiá»‡u vá» mÃ¬nh nháº±m tÄƒng tÃ­nh gáº¯n káº¿t giá»¯a cÃ¡c thÃ nh viÃªn trong lá»›p. \nLá»›p Facebook Marketing 39 lÃ  khÃ³a há»c cÃ³ cÃ¡c há»c viÃªn trong lá»›p Ä‘áº¿n tá»« ráº¥t nhiá»u ngÃ nh nghá» khÃ¡c nhau: phá»¥ kiá»‡n Ä‘iá»‡n thoáº¡i, thá»i trang, vÃ© mÃ¡y bay, Kinh doanh Ä‘á»“ inox, tháº©m má»¹ viá»‡n, nhÃ  hÃ ng, thá»i trang ná»¯, thá»i trang nam, linh kiá»‡n mÃ¡y tÃ­nh, báº¥t Ä‘á»™ng sáº£n, MMO, trang sá»©c, salon tÃ³c,...\nLá»›p Ä‘Ã£ cÃ³ má»™t buá»•i há»c trong khÃ´ng khÃ­ cá»±c kÃ¬ vui tÆ°Æ¡i vÃ  sÃ´i ná»•i, má»—i há»c viÃªn Ä‘á»u ráº¥t nhiá»‡t tÃ¬nh cho Ä‘i vÃ  nháº­n láº¡i. Káº¿t quáº£ lÃ  cÃ¡c há»c viÃªn trong lá»›p ai cÅ©ng cÃ³ quÃ  lÃ  sáº£n pháº©m dá»‹ch vá»¥ cá»§a nhau. Ráº¥t nhiá»u há»c viÃªn Ä‘Ã£ trá»Ÿ thÃ nh khÃ¡ch hÃ ng, Ä‘á»‘i tÃ¡c,... cá»§a chÃ­nh nhá»¯ng há»c viÃªn Ä‘ang cÃ¹ng há»c trong lá»›p vá»›i mÃ¬nh!\nLá»›p cÃ²n báº§u ra Ä‘Æ°á»£c lá»›p trÆ°á»Ÿng sau mÃ n bÃ¬nh chá»n Ä‘áº§y ká»‹ch tÃ­nh. Anh Nguyá»…n Huy Cáº£nh Ä‘Ã£ ""trÃºng cá»­"" chá»©c lá»›p trÆ°á»Ÿng vá»›i tÃ­n nhiá»‡m cá»§a Ä‘a sá»‘ cÃ¡c thÃ nh viÃªn trong lá»›p sau mÃ n thuyáº¿t trÃ¬nh ráº¥t tuyá»‡t vá»i cá»§a mÃ¬nh. ChÃºc lá»›p trÆ°á»Ÿng sáº½ lÃ£nh Ä‘áº¡o lá»›p tháº­t tá»‘t, giá»¯ vá»¯ng tinh tháº§n há»c táº­p cá»§a lá»›p luÃ´n á»Ÿ má»©c cao nháº¥t. VÃ  bÃªn cáº¡nh Ä‘Ã³, phong trÃ o Äƒn chÆ¡i Ä‘á»ƒ giÃºp lá»›p giáº£i tá»a cÄƒng tháº³ng sau nhá»¯ng giá» há»c táº­p vÃ  thá»±c hÃ nh miá»‡t mÃ i lÃ  khÃ´ng thá»ƒ thiáº¿u, cháº¯c cháº¯n ban cÃ¡n sá»± lá»›p sáº½ khÃ´ng lÃ m chÃºng ta pháº£i tháº¥t vá»ng :)\nChÃºc lá»›p Facebook K39 sáº½ há»c táº­p tháº­t tá»‘t, giá»¯ vá»¯ng tinh tháº§n luÃ´n á»Ÿ má»©c cao nháº¥t. \nHÃ¬nh áº£nh cÃ¡c há»c viÃªn khÃ³a Facebook Marketing VIP & Business Model K39 Litado tá»± giá»›i thiá»‡u vá» báº£n thÃ¢n - 26/12/2016\nhttp://litado.com/",https://www.facebook.com/LitadoVietNam/photos/a.1132673613516721.1073742132.267320506718707/1132674240183325/?type=3,25,15,28,0
267320506718707_1131111507006265,Litado - TrÆ°á»ng ÄÃ o Táº¡o Cao Cáº¥p Digital Marketing,33459,"190 Bá»¨C áº¢NH LUNG LINH TRONG Lá»„ Báº¾ GIáº¢NG Lá»šP SÃ€I GÃ’N VIP FACEBOOK MARKETING & BUSINESS MODEL K13 LITADO :)\nSÃ i GÃ²n VIP lÃ  khÃ³a há»c Facebook Martketing Ä‘áº·c biá»‡t dÃ nh cho cÃ¡c há»c viÃªn á»Ÿ cÃ¡c tá»‰nh thÃ nh phá»‘ phÃ­a Nam Ä‘Æ°á»£c huáº¥n luyá»‡n bá»Ÿi chÃ­nh NHáº¤T Äáº I TÃ”NG SÆ¯ ngay táº¡i SÃ i GÃ²n.\nBuá»•i há»c cuá»‘i cÅ©ng lÃ  buá»•i lá»… tá»‘t nghiá»‡p cá»§a lá»›p SÃ i GÃ²n VIP Facebook Marketing & Business Model K13. Sau nhá»¯ng buá»•i há»c lÃ½ thuyáº¿t vÃ  thá»±c hÃ nh liÃªn tá»¥c thÃ¬ Ä‘áº¿n buá»•i báº¿ giáº£ng nÃ y, táº¥t cáº£ cÃ¡c há»c viÃªn lá»›p Ä‘Ã£ tiáº¿p thu Ä‘Æ°á»£c Ä‘áº§y Ä‘á»§ nhá»¯ng kiáº¿n thá»©c mÃ  giáº£ng viÃªn truyá»n Ä‘áº¡t, hoÃ n thÃ nh trá»n váº¹n khÃ³a há»c.\nMáº·c dÃ¹ thá»i gian khÃ³a há»c khÃ´ng dÃ i nhÆ°ng cÃ¡c há»c viÃªn Ä‘Ã£ trá»Ÿ nÃªn ráº¥t ThÃ¢n Thiáº¿t vá»›i nhau nhÆ° má»™t GIA ÄÃŒNH vÃ  cÃ³ cÃ¡c káº¿ hoáº¡ch gáº¯n káº¿t Ä‘á»ƒ cÃ¹ng giÃºp Ä‘á»¡ nhau sau khi khÃ³a há»c káº¿t thÃºc.\nTáº¡m biá»‡t cÃ¡c há»c viÃªn thÃ¢n yÃªu lá»›p SÃ i GÃ²n VIP 13, cáº£m Æ¡n cÃ¡c báº¡n Ä‘Ã£ chá»n LITADO Ä‘á»ƒ Ä‘áº·t trá»n niá»m tin, chÃºc cáº£ lá»›p sáº½ Ã¡p dá»¥ng tháº­t tá»‘t nhá»¯ng kiáº¿n thá»©c Ä‘Ã£ há»c tá»« ""Nháº¥t Äáº¡i TÃ´ng SÆ°"" Ä‘á»ƒ Ä‘áº¡t Ä‘Æ°á»£c tháº­t nhiá»u nhá»¯ng thÃ nh cÃ´ng má»›i, chÃºc cÃ¡c thÃ nh viÃªn trong lá»›p sáº½ luÃ´n Ä‘oÃ n káº¿t giÃºp Ä‘á»¡ nhau dÃ¹ khÃ³a há»c Ä‘Ã£ káº¿t thÃºc.\nHáº¹n gáº·p láº¡i cÃ¡c báº¡n!\nHÃ¬nh áº£nh trong lá»… báº¿ giáº£ng, lá»… trao chá»©ng nháº­n vÃ  nÃ¢ng cá»‘c chÃºc má»«ng tá»‘t nghiá»‡p cá»§a lá»›p SÃ i GÃ²n VIP Facebook Marketing & Business Model K13 LITADO, 25/12/2016.\nhttp://litado.com/",https://www.facebook.com/LitadoVietNam/photos/a.1131106507006765.1073742131.267320506718707/1131111507006265/?type=3,20,4,25,0
267320506718707_1124928057624610,Litado - TrÆ°á»ng ÄÃ o Táº¡o Cao Cáº¥p Digital Marketing,33459,"Thá»© 6, 16/12/2016 lÃ  buá»•i há»c thá»© 2 cá»§a khÃ³a SÃ i GÃ²n VIP Facebook Marketing 13. TrÆ°á»ng LITADO Ä‘Ã£ dÃ nh má»™t khoáº£ng thá»i gian Ä‘á»ƒ má»—i há»c viÃªn tá»± giá»›i thiá»‡u vá» mÃ¬nh nháº±m tÄƒng tÃ­nh gáº¯n káº¿t giá»¯a cÃ¡c thÃ nh viÃªn trong lá»›p. \nSÃ i GÃ²n VIP Facebook Marketing 13 lÃ  khÃ³a há»c Ä‘áº·c biá»‡t dÃ nh cho cÃ¡c anh chá»‹ á»Ÿ xa HÃ  Ná»™i nhÆ° SÃ i GÃ²n, Nghá»‡ An, BÃ¬nh Äá»‹nh... Ä‘Æ°á»£c huáº¥n luyá»‡n trá»±c tiáº¿p bá»Ÿi NHáº¤T Äáº I TÃ”NG SÆ¯ Nguyá»…n Máº¡nh Linh ngay táº¡i SÃ i GÃ²n. \nCÃ¡c anh chá»‹ há»c viÃªn trong lá»›p Ä‘áº¿n tá»« ráº¥t nhiá»u ngÃ nh nghá» khÃ¡c nhau: kinh doanh thá»±c pháº©m, dÆ°á»£c pháº©m, thá»i trang, báº¥t Ä‘á»™ng sáº£n, má»¹ pháº©m,...:) \nLá»›p Ä‘Ã£ cÃ³ má»™t buá»•i há»c trong khÃ´ng khÃ­ cá»±c kÃ¬ vui tÆ°Æ¡i vÃ  sÃ´i ná»•i, má»—i há»c viÃªn Ä‘á»u ráº¥t nhiá»‡t tÃ¬nh cho Ä‘i vÃ  nháº­n láº¡i. Káº¿t quáº£ lÃ  cÃ¡c há»c viÃªn trong lá»›p ai cÅ©ng cÃ³ quÃ  lÃ  sáº£n pháº©m dá»‹ch vá»¥ cá»§a nhau. \nRáº¥t nhiá»u há»c viÃªn Ä‘Ã£ trá»Ÿ thÃ nh khÃ¡ch hÃ ng, Ä‘á»‘i tÃ¡c,... cá»§a chÃ­nh nhá»¯ng há»c viÃªn Ä‘ang cÃ¹ng há»c trong lá»›p vá»›i mÃ¬nh!\nLá»›p cÃ²n báº§u ra Ä‘Æ°á»£c lá»›p trÆ°á»Ÿng  sau mÃ n bÃ¬nh chá»n Ä‘áº§y ká»‹ch tÃ­nh. ChÃºc lá»›p trÆ°á»Ÿng sáº½ lÃ£nh Ä‘áº¡o lá»›p tháº­t tá»‘t, giá»¯ vá»¯ng tinh tháº§n há»c táº­p cá»§a lá»›p luÃ´n á»Ÿ má»©c cao nháº¥t. VÃ  bÃªn cáº¡nh Ä‘Ã³, phong trÃ o Äƒn chÆ¡i Ä‘á»ƒ giÃºp lá»›p giáº£i tá»a cÄƒng tháº³ng sau nhá»¯ng giá» há»c táº­p vÃ  thá»±c hÃ nh miá»‡t mÃ i lÃ  khÃ´ng thá»ƒ thiáº¿u, cháº¯c cháº¯n ban cÃ¡n sá»± lá»›p sáº½ khÃ´ng lÃ m chÃºng ta pháº£i tháº¥t vá»ng :) \nHÃ¬nh áº£nh cÃ¡c há»c viÃªn khÃ³a SÃ i GÃ²n VIP Facebook Marketing 13 Litado tá»± giá»›i thiá»‡u vá» báº£n thÃ¢n - 16/12/2016\n ----------------------------------------------------- \nNáº¿u cÃ¡c báº¡n cÅ©ng muá»‘n náº¯m Ä‘Æ°á»£c nhá»¯ng Chiáº¿n LÆ°á»£c, Chiáº¿n Thuáº­t Äá»ˆNH CAO, trá»Ÿ thÃ nh Vua bÃ¡n hÃ ng trÃªn Facebook thÃ¬ Ä‘Ã¢y chÃ­nh lÃ  khÃ³a há»c báº¡n Ä‘ang tÃ¬m:\nKhÃ³a há»c Facebook Marketing VIP & Business Model 39 - Trá»Ÿ thÃ nh VUA BÃN HÃ€NG trÃªn Facebook\nkhai giáº£ng ngÃ y 21/12/2016. \nÄÄƒng kÃ½ ngay Ä‘á»ƒ BÃ¹ng Ná»• doanh thu mÃ¹a táº¿t Ã¢m lá»‹ch!\n Chi tiáº¿t ná»™i dung khÃ³a há»c: http://litado.com/facebook-marketing-39/",https://www.facebook.com/LitadoVietNam/photos/a.1124927667624649.1073742129.267320506718707/1124928057624610/?type=3,21,5,24,0
267320506718707_1123084801142269,Litado - TrÆ°á»ng ÄÃ o Táº¡o Cao Cáº¥p Digital Marketing,33459,"220 Bá»¨C áº¢NH LUNG LINH TRONG Lá»„ Báº¾ GIáº¢NG Lá»šP FACEBOOK MARKETING VIP & BUSINESS MODEL K38 LITADO :)\n.\nBuá»•i há»c cuá»‘i cÅ©ng lÃ  buá»•i lá»… tá»‘t nghiá»‡p cá»§a lá»›p Facebook Marketing 38. Qua 09 + 01 buá»•i há»c lÃ½ thuyáº¿t vÃ  thá»±c hÃ nh liÃªn tá»¥c thÃ¬ Ä‘áº¿n buá»•i báº¿ giáº£ng nÃ y, cÃ¡c há»c viÃªn lá»›p Facebook 38 Ä‘Ã£ tiáº¿p thu Ä‘Æ°á»£c Ä‘áº§y Ä‘á»§ nhá»¯ng kiáº¿n thá»©c mÃ  NHáº¤T Äáº I TÃ”NG SÆ¯ Nguyá»…n Máº¡nh Linh Ä‘Ã£ truyá»n Ä‘áº¡t, hoÃ n thÃ nh trá»n váº¹n khÃ³a há»c.\nÄÃ¢y lÃ  buá»•i lá»… tá»‘t nghiá»‡p tÆ°ng bá»«ng vá»›i ráº¥t nhiá»u cáº£m xÃºc vÃ  sáº½ lÃ  má»™t ká»· niá»‡m khÃ´ng thá»ƒ quÃªn vá»›i trÆ°á»ng LITADO cÅ©ng nhÆ° cÃ¡c há»c viÃªn vÃ¬ lá»›p Facebook Marketing 38 quÃ¡ Ä‘Ã´ng, quÃ¡ vui vÃ  quÃ¡ tuyá»‡t vá»i!\nVá»›i phÃ²ng há»c cá»§a trÆ°á»ng LITADO - phÃ²ng há»c Ä‘áº³ng cáº¥p vá»›i 4 mÃ¡y chiáº¿u, 4 mÃ n chiáº¿u, 2 TV mÃ n hÃ¬nh cá»±c lá»›n cÃ¹ng há»‡ thá»‘ng Ã¢m thanh Ã¡nh sÃ¡ng hÃ ng Ä‘áº§u trong cÃ¡c phÃ²ng há»c Digital Marketing, cÃ¡c há»c viÃªn lá»›p Facebook K38 Ä‘Ã£ Ä‘Æ°á»£c phá»¥c vá»¥ nhu cáº§u há»c táº­p má»™t cÃ¡ch hoÃ n háº£o nháº¥t! (Má»i cÃ¡c báº¡n xem áº£nh Ä‘á»ƒ chiÃªm ngÆ°á»¡ng váº» Ä‘áº¹p tuyá»‡t vá»i nÃ y).\nTáº¡m biá»‡t cÃ¡c há»c viÃªn thÃ¢n yÃªu lá»›p Facebook Marketing VIP & Business Model K38, cáº£m Æ¡n cÃ¡c báº¡n Ä‘Ã£ chá»n LITADO Ä‘á»ƒ Ä‘áº·t trá»n niá»m tin, chÃºc cáº£ lá»›p sáº½ Ã¡p dá»¥ng tháº­t tá»‘t nhá»¯ng kiáº¿n thá»©c Ä‘Ã£ há»c tá»« ""Nháº¥t Äáº¡i TÃ´ng SÆ°"" Ä‘á»ƒ Ä‘áº¡t Ä‘Æ°á»£c tháº­t nhiá»u nhá»¯ng thÃ nh cÃ´ng má»›i, chÃºc cÃ¡c thÃ nh viÃªn trong lá»›p sáº½ luÃ´n Ä‘oÃ n káº¿t giÃºp Ä‘á»¡ nhau dÃ¹ khÃ³a há»c Ä‘Ã£ káº¿t thÃºc.\nHáº¹n gáº·p láº¡i cÃ¡c báº¡n!\nHÃ¬nh áº£nh trong lá»… báº¿ giáº£ng, lá»… trao chá»©ng nháº­n vÃ  nÃ¢ng cá»‘c chÃºc má»«ng tá»‘t nghiá»‡p cá»§a lá»›p Facebook Marketing VIP & Business Model K38 LITADO, 14/12/2016.\nhttp://litado.com/\n--------------------------------------------------------------------\nNáº¿u cÃ¡c báº¡n cÅ©ng muá»‘n náº¯m Ä‘Æ°á»£c nhá»¯ng Chiáº¿n LÆ°á»£c, Chiáº¿n Thuáº­t Äá»ˆNH CAO, trá»Ÿ thÃ nh Vua bÃ¡n hÃ ng trÃªn Facebook thÃ¬ Ä‘Ã¢y chÃ­nh lÃ  khÃ³a há»c báº¡n Ä‘ang tÃ¬m:\nKhÃ³a há»c Facebook Marketing VIP & Business Model K39 sáº½ khai giáº£ng ngÃ y 21/12/2016.\nÄÄƒng kÃ½ ngay Ä‘á»ƒ bÃ¹ng ná»• doanh thu mÃ¹a táº¿t Ã¢m lá»‹ch!\nChi tiáº¿t ná»™i dung khÃ³a há»c: http://litado.com/facebook-marketing-39/",https://www.facebook.com/LitadoVietNam/photos/a.1123082987809117.1073742128.267320506718707/1123084801142269/?type=3,25,5,30,0
267320506718707_1098759070241509,Litado - TrÆ°á»ng ÄÃ o Táº¡o Cao Cáº¥p Digital Marketing,33459,,,10,0,11,0
267320506718707_1098714526912630,Litado - TrÆ°á»ng ÄÃ o Táº¡o Cao Cáº¥p Digital Marketing,33459,,,4,2,4,0
267320506718707_1091471124303637,Litado - TrÆ°á»ng ÄÃ o Táº¡o Cao Cáº¥p Digital Marketing,33459,"âš  CHÃš Ã: TrÆ°á»›c khi Ä‘á»c trend 7 sá»± tháº­t thÃ¬..\nğŸ‰ Xin chÃºc má»«ng cÃ¡c báº¡n SÃ i GÃ²n, thÃ¡ng 12 nÃ y, LITADO sáº½ tiáº¿p tá»¥c má»Ÿ lá»›p Facebook Marketing Huáº¥n Luyá»‡n táº¡i SÃ€I GÃ’N.\n<3 CÃ¡c báº¡n SÃ i GÃ²n ko pháº£i tá»‘n tá»« 12 -21 tr, chÆ°a ká»ƒ phÃ­ bay vÃ  Äƒn nghá»‰ khÃ¡ch sáº¡n nhÆ° cÃ¡c báº¡n há»c khÃ³a tá»« K1 - K10 trÆ°á»›c Ä‘Ã¢y ná»¯a, mÃ  bÃ¢y giá» cÃ¡c báº¡n sáº½ Ä‘Æ°á»£c há»c ngay táº¡i SÃ i GÃ²n vá»›i má»©c há»c phÃ­ ráº¥t Æ¯u ÄÃ£i <3\nâš  CHÃš Ã: 7 Sá»° THáº¬T Cáº¦N BIáº¾T Vá»€ Facebook:\nâœª Sá»° THáº¬T THá»¨ 1: Facebook khÃ´ng pháº£i chá»‰ lÃ  nÆ¡i Ä‘á»ƒ giáº£i trÃ­!\nâœª Sá»° THáº¬T THá»¨ 2: Trong khi báº¡n Ä‘ang ngá»“i (hoáº·c náº±m) Ä‘Ã¢y lÆ°á»›t Facebook thÃ¬ báº¡n bÃ¨, anh chá»‹, há» hÃ ng, Äá»I THá»¦ cá»§a báº¡n Ä‘ang lÃ m ráº¥t nhiá»u nhá»¯ng thá»© ""hay ho"" trÃªn Facebook!\nâœª Sá»° THáº¬T THá»¨ 3: CÃ¡c khÃ³a há»c Facebook Marketing táº¡i trÆ°á»ng LITADO Ä‘Ã£ quÃ¡ thÃ nh cÃ´ng, ráº¥t nhiá»u há»c viÃªn Ä‘Ã£ tÄƒng doanh thu tá»« vÃ i chá»¥c Ä‘áº¿n vÃ i nghÃ¬n pháº§n trÄƒm ngay trong khÃ³a há»c.\nMá»i cÃ¡c báº¡n xem review cá»§a cÃ¡c há»c viÃªn cÅ© trÃªn Facebook cá»§a tháº§y Nguyá»…n Máº¡nh Linh Ä‘á»ƒ láº¥y niá»m cáº£m há»©ng báº¥t táº­n: https://www.Facebook.com/brolinh\nâœª Sá»° THáº¬T THá»¨ 4, 5, 6 vÃ  7: Quan trá»ng nháº¥t, xin má»i Ä‘á»c tiáº¿p á»Ÿ giá»¯a bÃ i hoáº·c bá» qua rá»“i há»‘i tiáº¿c cáº£ Ä‘á»i thÃ¬ tÃ¹y báº¡n.\nğŸ† Vá»›i lá»£i tháº¿ Ä‘Ã£ Ä‘Ã o táº¡o vÃ  chá»©ng kiáº¿n sá»± thÃ nh cÃ´ng cá»§a hÆ¡n 3000 há»c viÃªn Ä‘áº¿n tá»« má»i ngÃ nh nghá» khÃ¡c nhau, trÆ°á»ng Ä‘Ã o táº¡o cao cáº¥p Digital Marketing LITADO biáº¿t Ä‘Æ°á»£c nhá»¯ng kiáº¿n thá»©c nÃ o cáº§n thiáº¿t nháº¥t Ä‘á»ƒ trang bá»‹ cho má»—i há»c viÃªn, sau má»—i khÃ³a há»c trÆ°á»ng luÃ´n research, Ä‘Ã¡nh giÃ¡, cáº­p nháº­t vÃ  khÃ´ng ngá»«ng hoÃ n thiá»‡n giÃ¡o trÃ¬nh phÃ¹ há»£p nháº¥t vá»›i tÃ¬nh hÃ¬nh thá»±c táº¿. ÄÃ¢y lÃ  Ä‘iá»u tuyá»‡t vá»i mÃ  khi tá»± há»c báº¡n sáº½ khÃ´ng thá»ƒ vá»›i tá»›i Ä‘Æ°á»£c!\nğŸ‘‰ Facebook Ä‘ang lÃ  nÆ¡i khÃ¡ch hÃ ng tiá»m nÄƒng cá»§a báº¡n truy cáº­p hÃ ng ngÃ y vÃ  náº¿u báº¡n váº«n cÃ²n chÆ°a triá»ƒn khai hoáº·c chÆ°a khai thÃ¡c háº¿t kÃªnh nÃ y thÃ¬ tháº­t sá»± Ä‘Ã¡ng tiáº¿c!\nâ” Báº¡n cÃ³ muá»‘n há»c nhá»¯ng bÃ­ máº­t Ä‘á»ƒ trá»Ÿ nÃªn thÃ nh cÃ´ng trÃªn Facebook mÃ  khÃ´ng cÃ³ ai chia sáº» miá»…n phÃ­ bao giá»?\nâœª Sá»° THáº¬T THá»¨ 4: Báº N HOÃ€N TOÃ€N CÃ“ THá»‚ LÃ€M ÄÆ¯á»¢C 5 ÄIá»€U TUYá»†T Vá»œI SAU:\nâœ” TÄƒng doanh thu gáº¥p vÃ i láº§n Ä‘áº¿n vÃ i chá»¥c láº§n!\nâœ” Giáº£m chi phÃ­ quáº£ng cÃ¡o tá»« 30 - 80%\nâœ” HoÃ n toÃ n náº¯m vá»¯ng cÃ¡c ká»¹ thuáº­t quáº£ng cÃ¡o Facebook!\nâœ” Äáº§u tÆ° tiá»n má»™t cÃ¡ch khÃ´n ngoan Ä‘á»ƒ thu vá» lá»£i nhuáº­n lá»›n nháº¥t!\nâœ” SÃ¡ng táº¡o ra nhá»¯ng ná»™i dung lan truyá»n chÃ³ng máº·t trÃªn Facebook!\nğŸ‘‰ Báº±ng cÃ¡ch bá» ra 29h Ä‘á»ƒ NHáº¤T Äáº I TÃ”NG SÆ¯ huáº¥n luyá»‡n báº¡n trá»Ÿ thÃ nh Vua bÃ¡n hÃ ng trÃªn Facebook!\nğŸ‘ Gáº§n 2000 há»c viÃªn lá»›p Facebook Marketing trong tá»•ng sá»‘ hÆ¡n 3000 há»c viÃªn cá»§a LITADO Ä‘Ã£ chá»©ng thá»±c nhá»¯ng Ä‘iá»u trÃªn!\nâœª Sá»° THáº¬T THá»¨ 5: Äá»ƒ há»c cÃ¡ch lÃ m Ä‘Æ°á»£c nhá»¯ng Ä‘iá»u TUYá»†T Vá»œI báº¡n pháº£i há»c tá»« ngÆ°á»i tháº§y Giá»i Nháº¥t. KhÃ´ng chá»‰ giá»i nháº¥t mÃ  cÃ²n pháº£i VÆ°á»£t Xa NgÆ°á»i Thá»© 2, khÃ´ng chá»‰ vÆ°á»£t xa ngÆ°á»i thá»© 2 mÃ  cÃ²n pháº£i lÃ  Báº­c Tháº§y Cá»§a CÃ¡c Báº­c Tháº§y! (Má»i báº¡n xem nháº­n xÃ©t cá»§a há»c viÃªn vá» giáº£ng viÃªn khÃ³a Facebook Marketing trong comment phÃ­a dÆ°á»›i)\nâœª Sá»° THáº¬T THá»¨ 6: NgoÃ i kiáº¿n táº¥t cáº£ CHIáº¾N LÆ¯á»¢C, CHIáº¾N THUáº¬T bÃ¡n hÃ ng trÃªn Facebook do NHáº¤T Äáº I TÃ”NG SÆ¯ truyá»n Ä‘áº¡t, báº¡n cÃ²n cÃ³ thá»ƒ há»c Ä‘Æ°á»£c ráº¥t nhiá»u kiáº¿n thá»©c há»¯u Ã­ch khÃ¡c cho cÃ´ng viá»‡c cá»§a mÃ¬nh do chÃ­nh cÃ¡c há»c viÃªn trong lá»›p chia sáº»:\nâœ” Kiáº¿n thá»©c vá» NGUá»’N HÃ€NG\nâœ” Kiáº¿n thá»©c vá» Dá»°NG VIDEO, PHIM NGáº®N QUáº¢NG CÃO BÃN HÃ€NG.\nâœ” Kiáº¿n thá»©c vá» THIáº¾T Káº¾ banner quáº£ng cÃ¡o, truyá»n thÃ´ng,...\nâœ” Kiáº¿n thá»©c vá» NHÃ‚N Sá»°\nâœ” Kiáº¿n thá»©c vá» Há»† THá»NG BÃN HÃ€NG\nâœ” .......\nâœª Sá»° THáº¬T THá»¨ 7: lá»›p cá»§a huáº¥n luyá»‡n viÃªn, NHáº¤T Äáº I TÃ”NG SÆ¯ Nguyá»…n Máº¡nh Linh luÃ´n chÃ¡y chá»— trÆ°á»›c cáº£ vÃ i tuáº§n (máº·c dÃ¹ lá»›p há»c 9, 10 buá»•i). Xem thÃªm táº¡i Ä‘Ã¢y: http://bit.ly/fbm35full\n----------------------\nğŸ† Facebook Marketing SÃ€I GÃ’N VIP & Business Mokdel K13 - Trá»Ÿ thÃ nh vua bÃ¡n hÃ ng trÃªn Facebook.\nKhai giáº£ng: 16/12/2016\nBáº¿ giáº£ng: 25/12/2016\nÄá»‹a Äiá»ƒm há»c: Táº§ng 5, 110 Cao Tháº¯ng, Quáº­n 3, TP Há»“ ChÃ­ Minh\nğŸ“ Hotline: 0438.77.9999 - 0988 92 98 98\nğŸ‘ Comment hoáº·c inbox sÄ‘t, trÆ°á»ng LITADO sáº½ há»— trá»£ báº¡n.\nHá»c vÃ o cÃ¡c ngÃ y: thá»© 6 - 16/12, thá»© 7 - 17/12, chá»§ nháº­t - 18/12, thá»© 7 - 24/12, chá»§ nháº­t - 25/12\nGiá» há»c: chiá»u tá»« 14h - 17h15, tá»‘i tá»« 18h15 - 21h30\nhttp://litado.com/facebook-marketing-sgvip-k13/\nHáº¸N Gáº¶P Láº I Táº I SÃ€I GÃ’N.\nGHÃ‰ THÄ‚M NHáº¤T Äáº I TÃ”NG SÆ¯, VÃ€ SAU ÄÃ“ Sá»NG CUá»˜C Äá»œI CÃ’N Láº I NHÆ¯ 1 NHÃ€ VÃ” Äá»ŠCH.\nTRÃ‚N TRá»ŒNG!",http://litado.com/facebook-marketing-sgvip-k13/,3725,105,3771,0
